imdb_id,nota_letterboxd,avaliacoes_letterboxd,diretor,url_letterboxd
tt37024319,3.44,12369,"Jérôme Fritel, Christophe Astruc",https://letterboxd.com/film/the-bus-a-french-football-mutiny/
tt28359277,3,2851,Anji K Maniputhra,https://letterboxd.com/film/aay/
tt14433518,2.64,221,Ilyssa Goodman,https://letterboxd.com/film/fbf/
tt18940322,1.88,1451,Michael Dupret,https://letterboxd.com/film/no_filter/
tt30476508,2.73,269,Dimas Anggara,https://letterboxd.com/film/ootd-outfit-of-the-designer/
tt6119504,1.95,18654,Fernando Lebrija,https://letterboxd.com/film/realityhigh/
tt32221511,2.33,62633,Susanna Lira,https://letterboxd.com/film/salverosa/
tt33615797,3.92,2569,Joanna Pardos,https://letterboxd.com/film/its-all-over-the-kiss-that-changed-spanish/
tt39368489,3.34,3581,Patricia E. Gillespie,https://letterboxd.com/film/skyking/
tt24670176,3.03,2558,Kazuyoshi Kumakiri,https://letterboxd.com/film/manhole-2023/
tt10620868,3.11,250112,Cho Il,https://letterboxd.com/film/alive-2020/
tt0282223,2.55,3461,Nick Castle,https://letterboxd.com/film/twas-the-night/
tt27915407,2.08,10788,T.W. Peacocke,https://letterboxd.com/film/twas-the-text-before-christmas/
tt1022603,3.65,3408401,Marc Webb,https://letterboxd.com/film/500-days-of-summer/
tt32327574,2.71,8377,Kalyan Shankar,https://letterboxd.com/film/mad-2025-1/
tt14845950,2.43,757,"Niccolò Celaia, Antonio Usbergo",https://letterboxd.com/film/watch-out-were-mad-2022/
tt10341248,2.48,3529,Yoo Sun-dong,https://letterboxd.com/film/00mhz/
tt32881480,3.85,54671,Yandy Laurens,https://letterboxd.com/film/a-brother-and-7-siblings/
tt34762360,3.61,78825,Keishi Otomo,https://letterboxd.com/film/10dance/
tt10803866,3.09,2750,Alessandro Genovesi,https://letterboxd.com/film/when-mom-is-away-with-the-family/
tt0147800,4.07,4431329,Gil Junger,https://letterboxd.com/film/10-things-i-hate-about-you/
tt0085121,3.25,12510,J. Lee Thompson,https://letterboxd.com/film/10-to-midnight/
tt0443649,2.1,57040,Roland Emmerich,https://letterboxd.com/film/10000-bc/
tt11905628,3.15,5537,Jason Paul Laxamana,https://letterboxd.com/film/100-songs-for-stella/
tt5089786,3.54,5997,Marcel Barrena,https://letterboxd.com/film/100-meters/
tt33350512,3.3,27904,Julia Jackman,https://letterboxd.com/film/100-nights-of-hero/
tt27561913,3.57,331,W. Kamau Bell,https://letterboxd.com/film/1000-me-growing-up-mixed/
tt0115433,2.95,219234,Stephen Herek,https://letterboxd.com/film/101-dalmatians/
tt0324941,2.82,35095,"Jim Kammerud, Brian Smith",https://letterboxd.com/film/101-dalmatians-ii-patchs-london-adventure/
tt0211181,2.54,54872,Kevin Lima,https://letterboxd.com/film/102-dalmatians/
tt6275154,3.43,2586,José Gómez,https://letterboxd.com/film/11m-terror-in-madrid/
tt7661648,2.24,729,Ty Leisher,https://letterboxd.com/film/11th-hour-cleaning/
tt1846442,2.74,14161,James Hayman,https://letterboxd.com/film/12-dates-of-christmas/
tt6303962,2.89,525,Christine Conradt,https://letterboxd.com/film/12-days-of-giving/
tt1413492,3,68105,Nicolai Fuglsig,https://letterboxd.com/film/12-strong/
tt2024544,4.18,764920,Steve McQueen,https://letterboxd.com/film/12-years-a-slave/
tt1542344,3.48,511209,Danny Boyle,https://letterboxd.com/film/127-hours/
tt23849204,4.15,76431,Vidhu Vinod Chopra,https://letterboxd.com/film/12th-fail/
tt27490380,3.13,17161,Angga Dwimas Sasongko,https://letterboxd.com/film/13-bombs/
tt4392454,2.29,13602,Victor Zarcoff,https://letterboxd.com/film/13-cameras/
tt21199996,1.99,3851,Jacobo Martínez,https://letterboxd.com/film/13-exorcisms/
tt0337563,3.65,1906870,Gary Winick,https://letterboxd.com/film/13-going-on-30-3/
tt4172430,3.43,148543,Michael Bay,https://letterboxd.com/film/13-hours-the-secret-soldiers-of-benghazi/
tt9274670,1.86,8149,Lindsay Gossling,https://letterboxd.com/film/13-minutes-2021-1/
tt2059171,2.96,25326,Daniel Stamm,https://letterboxd.com/film/13-sins/
tt0475169,3.68,8729,Gela Babluani,https://letterboxd.com/film/13-tzameti/
tt22029210,3.71,2205,Pailin Wedel,https://letterboxd.com/film/the-trapped-13-how-we-survived-the-thai-cave/
tt16379224,3.38,1052,Michael Milano,https://letterboxd.com/film/137-shots/
tt3975918,2.23,7410,Tamra Davis,https://letterboxd.com/film/13-the-musical/
tt16292538,2.6,418,Santiago Fábregas,https://letterboxd.com/film/13-14-the-challenge-of-helping/
tt5895028,4.31,123024,Ava DuVernay,https://letterboxd.com/film/13th/
tt14079374,3.75,48011,Torquil Jones,https://letterboxd.com/film/14-peaks-nothing-is-impossible/
tt27720660,3.2,510,Chris Kraus,https://letterboxd.com/film/15-years-2023/
tt0179626,2.81,13634,John Herzfeld,https://letterboxd.com/film/15-minutes/
tt0450232,3.15,35648,Richard Donner,https://letterboxd.com/film/16-blocks/
tt0974661,2.9,524057,Burr Steers,https://letterboxd.com/film/17-again/
tt10816484,3.41,11117,Francesco Amato,https://letterboxd.com/film/18-presents/
tt11915042,2.97,2659,Palnati Surya Pratap,https://letterboxd.com/film/18-pages/
tt40891145,2.24,6892,Alex Yazbek,https://letterboxd.com/film/180-2026/
tt39751309,2.91,8341,Dolly Dulu,https://letterboxd.com/film/18th-rose/
tt8579674,4.13,2007209,Sam Mendes,https://letterboxd.com/film/1917/
tt6214928,2.82,165078,Zak Hilditch,https://letterboxd.com/film/1922-2017/
tt0078723,2.59,35422,Steven Spielberg,https://letterboxd.com/film/1941/
tt33304396,2.21,14325,"Nicolás Onetti, Luciano Onetti",https://letterboxd.com/film/1978/
tt4959750,2.72,6647,Ariel Vromen,https://letterboxd.com/film/1992-2022/
tt0322259,3.29,683280,John Singleton,https://letterboxd.com/film/2-fast-2-furious/
tt0439547,3.48,20829,Breno Silveira,https://letterboxd.com/film/two-sons-of-francisco/
tt1272878,2.95,103049,Baltasar Kormákur,https://letterboxd.com/film/2-guns/
tt8891536,3.34,266,Nottapon Boonprakob,https://letterboxd.com/film/2215/
tt5080556,2.33,19862,Shankar,https://letterboxd.com/film/20/
tt2186812,3.05,60359,David Moreau,https://letterboxd.com/film/it-boy/
tt24082438,4.35,44935,Mstyslav Chernov,https://letterboxd.com/film/20-days-in-mariupol/
tt0046672,3.56,34903,Richard Fleischer,https://letterboxd.com/film/20000-leagues-under-the-sea-1954/
tt0062622,4.23,1609748,Stanley Kubrick,https://letterboxd.com/film/2001-a-space-odyssey/
tt1190080,2.63,504328,Roland Emmerich,https://letterboxd.com/film/2012/
tt9006564,3.71,16322,Jude Anthany Joseph,https://letterboxd.com/film/2018-2023/
tt38263655,3.51,234,Joel Gallen,https://letterboxd.com/film/2025-rock-roll-hall-of-fame-induction-ceremony/
tt0212712,4.05,154023,Wong Kar-Wai,https://letterboxd.com/film/2046/
tt1918734,2.34,9474,Seth Larney,https://letterboxd.com/film/2067-2020/
tt22042346,2.43,9037,Asif Kapadia,https://letterboxd.com/film/2073/
tt15340724,4.07,323761,Bang Woo-ri,https://letterboxd.com/film/20th-century-girl/
tt1711425,2.74,73885,"Jon Lucas, Scott Moore",https://letterboxd.com/film/21-over/
tt1232829,3.64,1484940,"Phil Lord, Christopher Miller",https://letterboxd.com/film/21-jump-street/
tt7280898,3.24,53361,Paul Greengrass,https://letterboxd.com/film/22-july/
tt41983440,3.45,5696,Markus Goller,https://letterboxd.com/film/23-000-lives/
tt0307901,3.86,125889,Spike Lee,https://letterboxd.com/film/25th-hour/
tt0988595,3.48,1057402,Anne Fletcher,https://letterboxd.com/film/27-dresses/
tt38095263,3.22,10036,Daniel Hendler,https://letterboxd.com/film/27-nights/
tt9695156,3.7,6080,Ravi L. Bharwani,https://letterboxd.com/film/27-steps-of-may/
tt0191754,3.06,63936,Betty Thomas,https://letterboxd.com/film/28-days/
tt0289043,3.73,1486821,Danny Boyle,https://letterboxd.com/film/28-days-later/
tt0463854,2.91,699607,Juan Carlos Fresnadillo,https://letterboxd.com/film/28-weeks-later/
tt10548174,3.43,1402093,Danny Boyle,https://letterboxd.com/film/28-years-later/
tt32141377,3.81,837528,Nia DaCosta,https://letterboxd.com/film/28-years-later-the-bone-temple/
tt37737315,2.88,13215,Rathna Kumar,https://letterboxd.com/film/29-2026/
tt33701992,3.45,7305,Herwin Novianto,https://letterboxd.com/film/2nd-miracle-in-cell-no-7/
tt3685624,2.65,2848,Carlos Bolado,https://letterboxd.com/film/3-idiotas/
tt0094137,3.19,53170,Leonard Nimoy,https://letterboxd.com/film/3-men-and-a-baby/
tt0098966,2.89,20919,Emile Ardolino,https://letterboxd.com/film/3-men-and-a-little-lady/
tt0103596,2.86,22330,Jon Turteltaub,https://letterboxd.com/film/3-ninjas/
tt15715020,3.11,403,Silvio Soldini,https://letterboxd.com/film/3-19-2021/
tt1320304,1.92,10419,Ben Ketai,https://letterboxd.com/film/30-days-of-night-dark-days/
tt15977950,2.73,2980,Adrián Suar,https://letterboxd.com/film/30-nights-with-my-ex/
tt0416449,3.45,669077,Zack Snyder,https://letterboxd.com/film/300/
tt0233142,2.79,18179,Demian Lichtenstein,https://letterboxd.com/film/3000-miles-to-graceland/
tt1253863,2.51,143988,Noam Murro,https://letterboxd.com/film/300-rise-of-an-empire/
tt1319695,3.84,6372,"Pedro Peirano, Álvaro Díaz González",https://letterboxd.com/film/31-minutes-the-movie/
tt38774646,3.65,7260,"Pedro Peirano, Álvaro Díaz González",https://letterboxd.com/film/31-minutes-one-hot-christmas/
tt39261166,3.41,742,Jan Czarlewski,https://letterboxd.com/film/33-photos-from-the-ghetto-2025/
tt0390808,3.46,11026,Olivier Marchal,https://letterboxd.com/film/36th-precinct/
tt10886166,1.18,237720,"Barbara Białowąs, Tomasz Mandes",https://letterboxd.com/film/365-days-2020/
tt12996154,1.16,64630,"Barbara Białowąs, Tomasz Mandes",https://letterboxd.com/film/365-days-this-day/
tt6156138,3.71,9987,Hikari,https://letterboxd.com/film/37-seconds/
tt34605805,2.57,2809,Tunç Sahin,https://letterboxd.com/film/love-in-39-degrees/
tt0381849,3.79,207447,James Mangold,https://letterboxd.com/film/310-to-yuma-2007/
tt16578440,3.14,2986,Puttipong Nakthong,https://letterboxd.com/film/4-kings-2021/
tt30195433,3.33,2279,Puttipong Nakthong,https://letterboxd.com/film/4-kings-ii/
tt8242160,2.91,2258,Gerardo Olivares,https://letterboxd.com/film/4l/
tt0118540,4,6443,Spike Lee,https://letterboxd.com/film/4-little-girls/
tt14247286,2.94,5881,Alessio Maria Federici,https://letterboxd.com/film/four-to-dinner/
tt29634843,3.26,18166,R.T. Thorne,https://letterboxd.com/film/40-acres/
tt1781755,2.88,1288,Caco Souza,https://letterboxd.com/film/400-against-1-a-history-of-organized-crime/
tt32362537,2.69,6369,Pichaya Jarusboonpracha,https://letterboxd.com/film/404-run-run/
tt1337139,3.82,1740,"Bill Ross, Turner Ross",https://letterboxd.com/film/45365/
tt1335975,2.63,99239,Carl Rinsch,https://letterboxd.com/film/47-ronin-2013/
tt0112261,3.31,207,"Vince DiPersio, Bill Guttentag",https://letterboxd.com/film/5-american-handguns-5-american-kids/
tt2486678,3.37,10604,Victor Levin,https://letterboxd.com/film/5-to-7/
tt1521846,3.19,2626,"Songyos Sugmakanan, Visute Poolvoralaks, Banjong Pisanthanakun, Paween Purijitpanya, Parkpoom Wongpoom",https://letterboxd.com/film/phobia-2/
tt0343660,3.45,1061051,Peter Segal,https://letterboxd.com/film/50-first-dates/
tt1306980,3.61,354716,Jonathan Levine,https://letterboxd.com/film/50-50/
tt32149531,3.25,408,Simón Hernández,https://letterboxd.com/film/500-days-of-escobar/
tt1629439,2.23,1123,Jason Connery,https://letterboxd.com/film/51/
tt0090567,3.36,12485,John Frankenheimer,https://letterboxd.com/film/52-pick-up/
tt32155665,2.88,12426,Cesc Gay,https://letterboxd.com/film/53-sundays/
tt13128292,3.46,2170,Billy Corben,https://letterboxd.com/film/537-votes/
tt6142496,2.94,9557,Marja-Lewis Ryan,https://letterboxd.com/film/6-balloons/
tt4703048,2.99,19307,Toa Fraser,https://letterboxd.com/film/6-days/
tt2076781,3.83,12890,Arthur Bradford,https://letterboxd.com/film/6-days-to-air-the-making-of-south-park/
tt1179069,2.67,14404,"Björn Stein, Måns Mårlind",https://letterboxd.com/film/6-souls/
tt8106534,2.59,235608,Michael Bay,https://letterboxd.com/film/6-underground/
tt3799372,2.48,28923,Hannah Fidell,https://letterboxd.com/film/6-years/
tt29538571,2.83,21021,Oliver Kienle,https://letterboxd.com/film/sixty-minutes/
tt0250934,3.57,9158,Billy Crystal,https://letterboxd.com/film/61/
tt12261776,2.15,220274,"Scott Beck, Bryan Woods",https://letterboxd.com/film/65/
tt33478321,2.43,3478,Lee Yun-seok,https://letterboxd.com/film/you-will-die-in-6-hours/
tt5517438,3.23,5064,Roger Gual,https://letterboxd.com/film/seven-years/
tt3895884,3.55,47191,Jake Szymanski,https://letterboxd.com/film/7-days-in-hell/
tt6840554,3.11,337,Eric Balfour,https://letterboxd.com/film/7-days-to-vegas/
tt15206378,2.49,29589,Alessandro Genovesi,https://letterboxd.com/film/7-women-and-a-murder/
tt14168118,3.61,17851,Alexandre Moratto,https://letterboxd.com/film/7-prisoners/
tt36304003,2.26,127983,Tim Story,https://letterboxd.com/film/72-hours-2026/
tt6436726,3.03,32397,Patrick Vollrath,https://letterboxd.com/film/7500/
tt12023002,2.89,227,Anthony Nardolillo,https://letterboxd.com/film/7th-union/
tt2659414,4.1,48885,Lee Hwan-kyung,https://letterboxd.com/film/miracle-in-cell-no-7/
tt13834006,2.73,11369,Dany Boon,https://letterboxd.com/film/stuck-together/
tt7518786,3.49,21635,Kabir Khan,https://letterboxd.com/film/83-2021/
tt32237537,2.81,68408,Kim Tae-joon,https://letterboxd.com/film/wall-to-wall/
tt13680520,2.29,1277,Gigi Gaston,https://letterboxd.com/film/9-bullets/
tt11792734,2.18,6521,Ezel Akay,https://letterboxd.com/film/leyla-everlasting/
tt3542188,3.41,3436,Roni Ezra,https://letterboxd.com/film/april-9th/
tt32196096,3.26,367,"Sharon Petzold, Tony Bacon",https://letterboxd.com/film/9-11-the-plane-that-hit-the-pentagon/
tt43961446,3.51,214,,https://letterboxd.com/film/9-11-united-we-stand-25-years-later/
tt34381460,2.84,6662,Hung Tzu-hsuan,https://letterboxd.com/film/96-minutes-2025/
tt10329084,3.28,228,Preetham Gubbi,https://letterboxd.com/film/99-2019/
tt7559180,3.12,549,Vishwesh Krishnamoorthy,https://letterboxd.com/film/99-songs/
tt1038988,3.69,546573,"Jaume Balagueró, Paco Plaza",https://letterboxd.com/film/rec/
tt1245112,3.16,141949,"Paco Plaza, Jaume Balagueró",https://letterboxd.com/film/rec-2/
tt1649444,2.38,76180,Paco Plaza,https://letterboxd.com/film/rec-genesis/
tt1649443,2.22,45877,Jaume Balagueró,https://letterboxd.com/film/rec-apocalypse/
tt0429489,3.61,2601,Reha Erdem,https://letterboxd.com/film/oh-moon/
tt4844150,2.36,8473,Rachel Talalay,https://letterboxd.com/film/a-babysitters-guide-to-monster-hunting/
tt5212918,3.12,818,Jason Headley,https://letterboxd.com/film/a-bad-idea-gone-wrong/
tt6359956,2.7,103811,"Scott Moore, Jon Lucas",https://letterboxd.com/film/a-bad-moms-christmas/
tt15282148,2.79,12002,Mehdi Avaz,https://letterboxd.com/film/a-beautiful-life-2023/
tt0268978,3.88,676289,Ron Howard,https://letterboxd.com/film/a-beautiful-mind/
tt13650700,2.78,126058,Kogonada,https://letterboxd.com/film/a-big-bold-beautiful-journey/
tt2056771,3.47,80971,Luca Guadagnino,https://letterboxd.com/film/a-bigger-splash-2015/
tt10187208,2.91,36042,Gil Kenan,https://letterboxd.com/film/a-boy-called-christmas/
tt1401621,3.12,271,John Asher,https://letterboxd.com/film/a-boy-called-po/
tt0087001,2.94,1513,Philippe Mora,https://letterboxd.com/film/a-breed-apart/
tt22500220,2.02,3889,Robin Dunne,https://letterboxd.com/film/a-brush-with-christmas/
tt0120623,3.51,869086,John Lasseter,https://letterboxd.com/film/a-bugs-life/
tt2125425,3.34,3367,Luciano Moura,https://letterboxd.com/film/fathers-chair/
tt35295730,2.72,4132,Rako Prijanto,https://letterboxd.com/film/a-business-proposal/
tt13701962,2.26,4519,Shaun Paul Piccinino,https://letterboxd.com/film/a-california-christmas-city-lights/
tt5704606,3.66,601,Chris Kelly,https://letterboxd.com/film/a-cambodian-spring/
tt32481874,2.31,1720,Jake Helgren,https://letterboxd.com/film/a-carpenter-christmas-romance/
tt13070602,2.22,23462,Mary Lambert,https://letterboxd.com/film/a-castle-for-christmas/
tt12076020,3.28,928,Ron de Moraes,https://letterboxd.com/film/a-celebration-of-the-music-from-coco/
tt38589701,3.46,1213,Jonas Carpignano,https://letterboxd.com/film/a-chiara-2021/
tt14495394,3.74,944,John Maggio,https://letterboxd.com/film/a-choice-of-weapons-inspired-by-gordon-parks/
tt1067106,3.25,322225,Robert Zemeckis,https://letterboxd.com/film/a-christmas-carol-2009/
tt22207152,2.67,1719,Alex Ranarivelo,https://letterboxd.com/film/a-christmas-mystery-2022/
tt7608418,2.45,54037,Alex Zamm,https://letterboxd.com/film/a-christmas-prince/
tt10006006,2.27,24844,John Schultz,https://letterboxd.com/film/a-christmas-prince-the-royal-baby/
tt8709036,2.29,30069,John Schultz,https://letterboxd.com/film/a-christmas-prince-the-royal-wedding/
tt21974122,3.05,361,Rhonda Baraka,https://letterboxd.com/film/a-christmas-spark/
tt17220704,2.92,33750,Clay Kaytis,https://letterboxd.com/film/a-christmas-story-christmas/
tt28494884,2.95,2503,"Mariana Arriaga, Santiago Arriaga",https://letterboxd.com/film/upon-open-sky/
tt26741429,2.27,2817,Don McBrearty,https://letterboxd.com/film/a-cinderella-christmas-ball/
tt12877640,2.73,97243,"Roberto De Feo, Paolo Strippoli",https://letterboxd.com/film/a-classic-horror-story/
tt0066921,4.09,1563958,Stanley Kubrick,https://letterboxd.com/film/a-clockwork-orange/
tt2550692,3.28,528,Bernard Attal,https://letterboxd.com/film/the-invisible-collection/
tt2104837,2.86,382,Chandran Rutnam,https://letterboxd.com/film/a-common-man/
tt11563598,3.56,1095720,James Mangold,https://letterboxd.com/film/a-complete-unknown/
tt32820804,2.82,483,Colin Theys,https://letterboxd.com/film/a-costa-rican-wedding/
tt3953626,3.11,501,Anna Axster,https://letterboxd.com/film/a-country-called-home/
tt26935480,2.68,247,Jeremy Drummond,https://letterboxd.com/film/a-cowboy-christmas/
tt4731136,3.17,254494,Gore Verbinski,https://letterboxd.com/film/a-cure-for-wellness/
tt0077393,3.46,9409,Neville D'Almeida,https://letterboxd.com/film/lady-on-the-bus/
tt1360767,2.07,1727,Keoni Waxman,https://letterboxd.com/film/a-dangerous-man/
tt8294204,3.16,1877,Liz Garbus,https://letterboxd.com/film/a-dangerous-son/
tt14412366,1.68,2146,Wes Miller,https://letterboxd.com/film/a-day-to-die/
tt36592065,3.07,23235,"Jessica Burgess, Jenny Popplewell",https://letterboxd.com/film/a-deadly-american-marriage/
tt21097228,3.81,313234,Aaron Schimberg,https://letterboxd.com/film/a-different-man/
tt0808232,2.79,1887,George LaVoo,https://letterboxd.com/film/a-dog-year/
tt3447830,3.01,353,Calvito Leal,https://letterboxd.com/film/a-esperanca-e-a-ultima-que-morre/
tt2299368,1.88,4662,Savage Steve Holland,https://letterboxd.com/film/a-fairly-odd-christmas/
tt1696192,1.58,20895,Savage Steve Holland,https://letterboxd.com/film/a-fairly-odd-movie-grow-up-timmy-turner/
tt3149536,1.71,3917,Savage Steve Holland,https://letterboxd.com/film/a-fairly-odd-summer/
tt11390036,2.71,30356,Tyler Perry,https://letterboxd.com/film/a-fall-from-grace-2020/
tt21051906,1.96,179474,Richard LaGravenese,https://letterboxd.com/film/a-family-affair-2024-1/
tt1718924,2.89,4698,Mark Williams,https://letterboxd.com/film/a-family-man/
tt15260940,2.71,447,Veronica Velasco,https://letterboxd.com/film/a-faraway-land/
tt0104257,4.07,357998,Rob Reiner,https://letterboxd.com/film/a-few-good-men/
tt27502245,3.61,2832,"João Salaviza, Renée Nader Messora",https://letterboxd.com/film/the-buriti-flower/
tt0060438,3.27,8559,Richard Lester,https://letterboxd.com/film/a-funny-thing-happened-on-the-way-to-the-forum/
tt5566790,3.21,35720,David Wain,https://letterboxd.com/film/a-futile-and-stupid-gesture/
tt4137596,3.06,239,Neill Fearnley,https://letterboxd.com/film/a-gift-of-miracles/
tt5144072,3.86,2804,Sharmeen Obaid-Chinoy,https://letterboxd.com/film/a-girl-in-the-river-the-price-of-forgiveness/
tt5630122,3.24,275,Flávio R. Tambellini,https://letterboxd.com/film/gloria-and-grace/
tt1606378,1.87,102426,John Moore,https://letterboxd.com/film/a-good-day-to-die-hard/
tt3983732,3.55,268,Liz Garbus,https://letterboxd.com/film/a-good-job-stories-of-the-fdny/
tt0401445,3.17,45813,Ridley Scott,https://letterboxd.com/film/a-good-year/
tt0113198,3.72,286297,Kevin Lima,https://letterboxd.com/film/a-goofy-movie/
tt39314348,4.11,7374,James Reed,https://letterboxd.com/film/a-gorilla-story-told-by-david-attenborough/
tt2392343,2.96,249,Stefano Capuzzi Lapietra,https://letterboxd.com/film/the-great-victory/
tt13318486,2.42,410,Arthur Vinciprova,https://letterboxd.com/film/the-grotto-2020/
tt20203720,2.95,579,Guile Branco,https://letterboxd.com/film/a-halloween-feast/
tt22687790,3.04,424972,Kenneth Branagh,https://letterboxd.com/film/a-haunting-in-venice/
tt31037863,3.95,10347,Joel Edwards,https://letterboxd.com/film/a-heros-journey-the-making-of-percy-jackson-and-the-olympians/
tt0399146,3.73,304407,David Cronenberg,https://letterboxd.com/film/a-history-of-violence/
tt21950514,2.41,3762,Alex Ranarivelo,https://letterboxd.com/film/a-hollywood-christmas-2022/
tt0089297,3.78,64497,Suzana Amaral,https://letterboxd.com/film/hour-of-the-star/
tt0059281,3.86,1565,Roberto Santos,https://letterboxd.com/film/the-hour-and-turn-of-augusto-matraga/
tt32376165,2.84,294127,Kathryn Bigelow,https://letterboxd.com/film/a-house-of-dynamite/
tt17003896,2.95,5386,João Wainer,https://letterboxd.com/film/a-jaula/
tt14307536,3.27,5757,Tyler Perry,https://letterboxd.com/film/a-jazzmans-blues/
tt31805808,3.13,1097,RC Delos Reyes,https://letterboxd.com/film/a-journey-2024/
tt13400142,3.4,645,Péter Fazakas,https://letterboxd.com/film/the-game-2022/
tt0183790,3.67,336650,Brian Helgeland,https://letterboxd.com/film/a-knights-tale/
tt4357170,2.83,4628,Pedro Pablo Ibarra,https://letterboxd.com/film/a-la-mala/
tt36628631,2.96,388,Chinaza Onuzo,https://letterboxd.com/film/a-lagos-love-story/
tt33712667,1.78,1311,Matt Shapira,https://letterboxd.com/film/a-line-of-fire/
tt1422136,2.85,10284,Julian Gilbey,https://letterboxd.com/film/a-lonely-place-to-die/
tt11947282,1.95,2031,Jonathan Judge,https://letterboxd.com/film/a-loud-house-christmas/
tt2737624,3.34,294,"Nelson Pereira dos Santos, Dora Jobim",https://letterboxd.com/film/a-luz-do-tom/
tt9231140,3.23,896,Putrama Tuta,https://letterboxd.com/film/a-man-called-ahok/
tt7405458,3.68,579817,Marc Forster,https://letterboxd.com/film/a-man-called-otto/
tt15766576,3.81,9259,Robert Alexander,https://letterboxd.com/film/a-man-named-scott/
tt0119631,3.08,361,Paul Wendkos,https://letterboxd.com/film/a-match-made-in-heaven/
tt35453979,3.68,15220,Anna Muylaert,https://letterboxd.com/film/the-best-mother-in-the-world/
tt25153888,3.1,24047,Maurício Eça,https://letterboxd.com/film/the-girl-who-killed-her-parents-the-confession/
tt4959972,2.98,1346,Wagner de Assis,https://letterboxd.com/film/a-menina-indigo/
tt4286432,2.63,471,Dustin Rikert,https://letterboxd.com/film/a-mermaids-tale/
tt34992378,2.06,46698,Steve Carr,https://letterboxd.com/film/a-merry-little-ex-mas/
tt13782052,2.58,2640,Álvaro Fernández Armero,https://letterboxd.com/film/1000-miles-from-christmas/
tt1839390,2.9,789,William Dear,https://letterboxd.com/film/a-mile-in-his-shoes/
tt21940010,3.54,24530,Alejandra Márquez Abella,https://letterboxd.com/film/a-million-miles-away-2023/
tt2557490,2.52,163968,Seth MacFarlane,https://letterboxd.com/film/a-million-ways-to-die-in-the-west/
tt3566834,2.43,1633861,Jared Hess,https://letterboxd.com/film/a-minecraft-movie/
tt13605284,2.82,2674,Christine Jeffs,https://letterboxd.com/film/a-mistake/
tt12036096,2.94,224,Robert Malenfant,https://letterboxd.com/film/a-mother-knows-worst/
tt1236397,2.97,11443,Cláudio Torres,https://letterboxd.com/film/the-invisible-woman-2009/
tt1292569,3.02,9567,Kirk R. Thatcher,https://letterboxd.com/film/a-muppets-christmas-letters-to-santa/
tt15565704,2.95,677,Kunle Afolayan,https://letterboxd.com/film/a-naija-christmas/
tt35051106,3.88,24354,Rafaela Camelo,https://letterboxd.com/film/the-nature-of-invisible-things/
tt3278540,2.12,17473,"Nick Riedell, Chris Riedell",https://letterboxd.com/film/a-nice-girl-like-you/
tt7620746,2.62,236,Tom Shell,https://letterboxd.com/film/a-night-to-regret/
tt0087800,3.72,829450,Wes Craven,https://letterboxd.com/film/a-nightmare-on-elm-street/
tt1179056,2.19,203997,Samuel Bayer,https://letterboxd.com/film/a-nightmare-on-elm-street-2010/
tt33427273,3.75,150732,Sam Wrench,https://letterboxd.com/film/a-nonsense-christmas-with-sabrina-carpenter/
tt35668683,2.25,8028,Lucky Kuswandi,https://letterboxd.com/film/a-normal-woman/
tt0117264,3.62,1242,Walter Lima Jr.,https://letterboxd.com/film/the-oyster-and-the-wind/
tt37671699,2.76,952,Jamie Whitney,https://letterboxd.com/film/a-paw-patrol-christmas/
tt3577624,3.51,11106,Fernando León de Aranoa,https://letterboxd.com/film/a-perfect-day-2015/
tt13606090,2.79,2533,Hadrah Daeng Ratu,https://letterboxd.com/film/a-perfect-fit-2021/
tt0971209,3.04,50899,David Twohy,https://letterboxd.com/film/a-perfect-getaway/
tt15215512,2.4,29938,Stuart McDonald,https://letterboxd.com/film/a-perfect-pairing/
tt0107808,3.91,60758,Clint Eastwood,https://letterboxd.com/film/a-perfect-world/
tt9150970,2.56,10830,Gabriela Tagliavini,https://letterboxd.com/film/despite-everything-2019/
tt4080956,3.61,36627,Jean-Stéphane Sauvaire,https://letterboxd.com/film/a-prayer-before-dawn/
tt9487282,2.98,544,Rodrigo Cesar,https://letterboxd.com/film/a-presepada/
tt10715446,2.39,2401,Vicente Amorim,https://letterboxd.com/film/yakuza-princess/
tt0121654,2.9,1688,José Alvarenga Jr.,https://letterboxd.com/film/a-princesa-xuxa-e-os-trapalhoes/
tt32128962,3.49,1265,"Gabriela Carneiro da Cunha, Eryk Rocha",https://letterboxd.com/film/the-falling-sky-2024/
tt6644200,3.64,2086478,John Krasinski,https://letterboxd.com/film/a-quiet-place-2018/
tt8332922,3.41,1018489,John Krasinski,https://letterboxd.com/film/a-quiet-place-part-ii/
tt13433802,3.14,1010583,Michael Sarnoski,https://letterboxd.com/film/a-quiet-place-day-one/
tt13004806,2.65,735,Nishanth Sattu,https://letterboxd.com/film/a-ranjith-cinema/
tt21823606,3.72,1144144,Jesse Eisenberg,https://letterboxd.com/film/a-real-pain/
tt27428598,2.61,889,Jonathan Judge,https://letterboxd.com/film/a-really-haunted-loud-house/
tt0105265,3.66,62965,Robert Redford,https://letterboxd.com/film/a-river-runs-through-it/
tt28188089,1.86,4238,Bradley Walsh,https://letterboxd.com/film/a-royal-date-for-christmas/
tt9810420,2.29,1765,Clay Glen,https://letterboxd.com/film/a-second-chance-rivals/
tt3260524,3.89,19220,Chris Bolan,https://letterboxd.com/film/a-secret-love/
tt6193408,3.36,39955,"Will Becher, Richard Phelan",https://letterboxd.com/film/a-shaun-the-sheep-movie-farmageddon/
tt7040874,3.14,466030,Paul Feig,https://letterboxd.com/film/a-simple-favor/
tt5915444,3.21,234,Adam Perry,https://letterboxd.com/film/a-small-fortune/
tt28943323,2.94,696,Rolie Nikiwe,https://letterboxd.com/film/a-soweto-love-story/
tt11963126,3.48,682,"Leanne Dare, Jason Sterman",https://letterboxd.com/film/a-spark-story/
tt40269077,3.02,4092,Jerry Lopez Sineneng,https://letterboxd.com/film/a-special-memory/
tt1517451,3.64,1171730,Bradley Cooper,https://letterboxd.com/film/a-star-is-born-2018/
tt0287003,3.05,633,Jack Speirs,https://letterboxd.com/film/a-tale-of-two-critters/
tt6236142,2.77,514,Javier Colinas,https://letterboxd.com/film/i-wanted-to-find-you/
tt0117913,3.85,268247,Joel Schumacher,https://letterboxd.com/film/a-time-to-kill-1996/
tt12616964,2.93,981,Pedro Pablo Ibarra,https://letterboxd.com/film/all-the-places/
tt20115096,2.48,12098,Steven K. Tsuchida,https://letterboxd.com/film/a-tourists-guide-to-love/
tt43619305,3.05,33644,Alexandra Lacey,https://letterboxd.com/film/a-toxic-love-story/
tt14463484,2.08,225527,Marçal Forés,https://letterboxd.com/film/through-my-window/
tt28105944,2.15,81093,Marçal Forés,https://letterboxd.com/film/through-my-window-3-looking-at-you/
tt21245882,1.89,100254,Marçal Forés,https://letterboxd.com/film/through-my-window-across-the-sea/
tt20417166,3.57,416,Trish Adlesic,https://letterboxd.com/film/a-tree-of-life-the-pittsburgh-synagogue-shooting/
tt29769154,3.31,338,"Funke Akindele, Adeoluwa Owu",https://letterboxd.com/film/a-tribe-called-judah/
tt21929356,3.69,9270,"Jonathan Halperin, Drew Takahashi",https://letterboxd.com/film/a-trip-to-infinity/
tt1230204,2.78,16834,Ben Stassen,https://letterboxd.com/film/a-turtles-tale-sammys-adventures/
tt9815084,1.87,1629,Steven Nesbit,https://letterboxd.com/film/a-very-british-christmas/
tt27327494,2.7,14702,Petersen Vargas,https://letterboxd.com/film/a-very-good-girl/
tt35600079,2.72,61575,Jessica Yu,https://letterboxd.com/film/a-very-jonas-christmas-movie/
tt4537842,2.68,32154,Sofia Coppola,https://letterboxd.com/film/a-very-murray-christmas/
tt6390668,4.09,39673,Karim Aïnouz,https://letterboxd.com/film/invisible-life/
tt4850742,3.28,2953,Teodoro Poppovic,https://letterboxd.com/film/a-vila-das-nove/
tt12708382,3.01,610,Ross McCall,https://letterboxd.com/film/a-violent-man-2021/
tt33355991,3.33,5886,Juliana Antunes,https://letterboxd.com/film/an-invisible-victim-the-eliza-samudio-case/
tt0365907,3.11,46828,Scott Frank,https://letterboxd.com/film/a-walk-among-the-tombstones/
tt0114887,3.27,23472,Alfonso Arau,https://letterboxd.com/film/a-walk-in-the-clouds/
tt1178665,2.97,15534,Ken Kwapis,https://letterboxd.com/film/a-walk-in-the-woods/
tt0281358,3.48,351158,Adam Shankman,https://letterboxd.com/film/a-walk-to-remember/
tt1341340,2.79,680,Mike Sears,https://letterboxd.com/film/a-warriors-heart/
tt11388278,2.43,15159,Roman White,https://letterboxd.com/film/a-week-away/
tt9150192,2.4,141314,David Ayer,https://letterboxd.com/film/a-working-man/
tt5374070,3.4,544,Eliot Rausch,https://letterboxd.com/film/a-world-unseen-the-revenant/
tt15484488,2.64,1506,Nia Dinata,https://letterboxd.com/film/a-world-without/
tt13434562,3.04,16605,Travis Stevens,https://letterboxd.com/film/a-wounded-fawn/
tt1620680,2.2,98461,Ava DuVernay,https://letterboxd.com/film/a-wrinkle-in-time-2018/
tt0212720,3.66,342004,Steven Spielberg,https://letterboxd.com/film/ai-artificial-intelligence/
tt3823672,2.83,404,Robin Dunne,https://letterboxd.com/film/archie/
tt20567314,2.46,8004,Deniz Yorulmazer,https://letterboxd.com/film/oh-belinda/
tt28283958,3.63,2070,Sindhu Sreenivasa Murthy,https://letterboxd.com/film/aachar-co/
tt0986213,3.45,5305,Anil Mehta,https://letterboxd.com/film/aaja-nachle/
tt33888131,2.72,9489,Vivek Soni,https://letterboxd.com/film/aap-jaisa-koi/
tt27647417,3.21,609,"Shane Rasco, Jeffrey Thomas",https://letterboxd.com/film/aaron-carter-the-little-prince-of-pop/
tt40224365,3.38,1467,Henry Stone,https://letterboxd.com/film/aaron-chen-funny-garden/
tt34913101,3.17,291,,https://letterboxd.com/film/aaron-hernandez-and-the-untold-murders-of/
tt32643830,2.37,54010,Kimo Stamboel,https://letterboxd.com/film/the-elixir-2025/
tt1470171,2.45,2837,Michael Feifer,https://letterboxd.com/film/abandoned-2010/
tt7867360,2.36,1291,Ernie Barbarash,https://letterboxd.com/film/abduction-2019/
tt12076024,3.28,294,"Marcos Jorge, Marcelo Botta",https://letterboxd.com/film/jumbled-2/
tt6324278,3.17,73465,Jill Culton,https://letterboxd.com/film/abominable-2019/
tt5591746,3.55,504,Tracy Droz Tragos,https://letterboxd.com/film/abortion-stories-women-tell/
tt14456350,2.95,53469,Maryus  Vaysberg,https://letterboxd.com/film/about-fate/
tt2194499,4.09,1662089,Richard Curtis,https://letterboxd.com/film/about-time/
tt0094602,2.86,18594,Andrew Davis,https://letterboxd.com/film/above-the-law/
tt1611224,2.58,110013,Timur Bekmambetov,https://letterboxd.com/film/abraham-lincoln-vampire-hunter/
tt23848264,2.95,11703,Cristian Ponce,https://letterboxd.com/film/a-mothers-embrace/
tt2112096,2.76,9029,Mandie Fletcher,https://letterboxd.com/film/absolutely-fabulous-the-movie/
tt9534808,2.55,423,"Daniel Zirilli, Michael Merino",https://letterboxd.com/film/acceleration-2019/
tt9201172,2.92,1186,Mark Lambert Bristol,https://letterboxd.com/film/accidental-texan/
tt39631179,2.25,7419,Anubhuti Kashyap,https://letterboxd.com/film/accused-2026/
tt12648266,3.16,8528,Philip Barantini,https://letterboxd.com/film/accused-2023/
tt0109040,3.23,435816,Tom Shadyac,https://letterboxd.com/film/ace-ventura-pet-detective/
tt0380165,2.66,1535,Flávia Moraes,https://letterboxd.com/film/acquaria/
tt5652768,3.33,1497,Paula Ortiz,https://letterboxd.com/film/across-the-river-and-into-the-trees/
tt6684714,2.24,3652,Brett Donowho,https://letterboxd.com/film/acts-of-violence-2018/
tt11999602,3.16,13326,Kit Zauhar,https://letterboxd.com/film/actual-people/
tt2935510,3.36,489451,James Gray,https://letterboxd.com/film/ad-astra-2019/
tt32138452,2.51,22052,Rodolphe Lauga,https://letterboxd.com/film/ad-vitam-2025/
tt22001304,3.33,8414,Stefano Sollima,https://letterboxd.com/film/adagio-2023-1/
tt6316466,2.42,2568,Rhys Ernst,https://letterboxd.com/film/adam-2019/
tt18274178,3.52,4184,"Waboku, Nobutaka Yoda, Hibiki Yoshizaki, Yuichiro Saeki",https://letterboxd.com/film/adam-by-eve-a-live-in-animation/
tt10376844,2.96,1848,Jaime Eliezer Karas,https://letterboxd.com/film/adam-devine-best-time-of-our-lives/
tt34367447,3.17,735,Adam Ray,https://letterboxd.com/film/adam-ray-is-dr-phil-unleashed/
tt0479341,3.1,3179,Paul Schrader,https://letterboxd.com/film/adam-resurrected/
tt9036126,3.77,12274,Steven Brill,https://letterboxd.com/film/adam-sandler-100-fresh/
tt33081211,3.68,10984,Josh Safdie,https://letterboxd.com/film/adam-sandler-love-you/
tt0268126,4.1,338598,Spike Jonze,https://letterboxd.com/film/adaptation/
tt0106220,3.83,318902,Barry Sonnenfeld,https://letterboxd.com/film/addams-family-values/
tt12915716,1.51,11576,Om Raut,https://letterboxd.com/film/adipurush/
tt8887784,2.95,369,C. Bailey Werner,https://letterboxd.com/film/a-perfect-host/
tt2103267,2.64,25376,Anne Fontaine,https://letterboxd.com/film/adoration-2013/
tt15721032,3.64,2310,Andy Ostroy,https://letterboxd.com/film/adrienne/
tt33996575,3.25,469,Louis C.K.,https://letterboxd.com/film/adrienne-iapalucci-the-dark-queen/
tt7493370,3.32,3544,Costa-Gavras,https://letterboxd.com/film/adults-in-the-room/
tt0092513,3.48,62710,Chris Columbus,https://letterboxd.com/film/adventures-in-babysitting/
tt4456850,2.92,40769,John Schultz,https://letterboxd.com/film/adventures-in-babysitting-2016/
tt6875374,3.03,803,Thorsten Klein,https://letterboxd.com/film/adventures-of-a-mathematician/
tt8545636,2.81,262,Ryan Bellgardt,https://letterboxd.com/film/adventures-of-rufus-the-fantastic-pet/
tt19864942,2.86,585,Kannan Iyer,https://letterboxd.com/film/ae-watan-mere-watan/
tt4180556,2.22,1418,Eric Bross,https://letterboxd.com/film/affairs-of-state/
tt41300402,3.45,420,,https://letterboxd.com/film/afi-life-achievement-award-a-tribute-to-eddie/
tt12930476,3.35,603,"Rudge Campos, Júnior Carelli",https://letterboxd.com/film/afonso-padilha-classless/
tt30802611,3.32,247,"Danilo Veloso, Thiago Siqueira",https://letterboxd.com/film/afonso-padilha-geracoes/
tt24577462,1.77,64144,Chris Weitz,https://letterboxd.com/film/afraid-2024-1/
tt1223236,3.52,3568,"Keith Scholey, Alastair Fothergill",https://letterboxd.com/film/african-cats/
tt4126476,1.79,347776,Jenny Gage,https://letterboxd.com/film/after-2019/
tt13070038,1.67,83969,Castille Landon,https://letterboxd.com/film/after-ever-happy/
tt15334488,1.66,75729,Castille Landon,https://letterboxd.com/film/after-everything-2023/
tt0088680,4.13,539236,Martin Scorsese,https://letterboxd.com/film/after-hours/
tt12664558,2.86,251,Jack Dignan,https://letterboxd.com/film/after-she-died/
tt14746834,3.18,935,Ivy Meeropol,https://letterboxd.com/film/after-the-bite/
tt32159989,2.85,207156,Luca Guadagnino,https://letterboxd.com/film/after-the-hunt-2025/
tt11615038,3.43,1938,Andrew Rossi,https://letterboxd.com/film/after-truth-disinformation-and-the-cost-of-fake-news/
tt10362466,1.71,164094,Roger Kumble,https://letterboxd.com/film/after-we-collided/
tt13069986,1.65,110020,Castille Landon,https://letterboxd.com/film/after-we-fell/
tt1210027,2.02,10919,J.J. Perry,https://letterboxd.com/film/afterburn-2025/
tt11742798,2.52,25165,Stephen Herek,https://letterboxd.com/film/afterlife-of-the-party/
tt19770238,4.21,1705940,Charlotte Wells,https://letterboxd.com/film/aftersun/
tt13873302,3.09,20520,Peter Flinth,https://letterboxd.com/film/against-the-ice/
tt0312329,2.55,1603,Charles S. Dutton,https://letterboxd.com/film/against-the-ropes/
tt0109053,3.37,2878,John Frankenheimer,https://letterboxd.com/film/against-the-wall/
tt2475846,2.73,455,Richard Boddington,https://letterboxd.com/film/against-the-wild/
tt28856462,3.37,49597,Muhadkly Acho,https://letterboxd.com/film/agak-laen/
tt5896568,2.93,1172,Bill Kiely,https://letterboxd.com/film/age-of-summer/
tt10214826,3.8,10663,Swaroop RSJ,https://letterboxd.com/film/agent-sai-srinivasa-athreya/
tt6798422,3.49,678,Nick Hooker,https://letterboxd.com/film/agnelli/
tt27930683,3.28,980,Rahul Dholakia,https://letterboxd.com/film/agni-2024/
tt35890662,3.52,1656,Giulio Bertelli,https://letterboxd.com/film/agon-2025/
tt1186830,3.39,41719,Alejandro Amenábar,https://letterboxd.com/film/agora/
tt8004552,3.4,304,Mariano Baez,https://letterboxd.com/film/agustin-aristaran-soy-rada/
tt43617119,2.35,1854,Elie El Semaan,https://letterboxd.com/film/love-in-slow-motion/
tt13118012,2.49,2064,Salvador Espinosa,https://letterboxd.com/film/youve-got-this/
tt38457052,3.28,15700,"Emily Turner, Kirsty Cunningham",https://letterboxd.com/film/aileen-queen-of-the-serial-killers/
tt2388637,3.36,19958,David Lowery,https://letterboxd.com/film/aint-them-bodies-saints/
tt6570098,2.22,2140,"José Zelada, Richard Claus",https://letterboxd.com/film/ainbo-spirit-of-the-amazon/
tt16419074,3.57,563245,Ben Affleck,https://letterboxd.com/film/air-2023/
tt0118570,2.81,53051,Charles Martin Smith,https://letterboxd.com/film/air-bud/
tt0140796,2.57,12147,Richard Martin,https://letterboxd.com/film/air-bud-golden-receiver/
tt0288415,2.53,6574,Robert Vince,https://letterboxd.com/film/air-bud-seventh-inning-fetch/
tt0161220,2.58,8761,Bill Bannerman,https://letterboxd.com/film/air-bud-world-pup/
tt0470982,2.77,24869,Robert Vince,https://letterboxd.com/film/air-buddies/
tt35628532,3.53,1862,Matt Wilcox,https://letterboxd.com/film/air-force-elite-thunderbirds/
tt0118571,3.26,147216,Wolfgang Petersen,https://letterboxd.com/film/air-force-one/
tt14571464,2.96,456,"Zulkarnain Azhar, Frank See",https://letterboxd.com/film/air-force-the-movie-danger-close/
tt26507543,3.09,3059,Key Mangunsong,https://letterboxd.com/film/tears-at-the-edge-of-a-prayer-rug/
tt14091818,3.33,4930,"Shashank Khaitan, Neeraj Ghaywan, Raj Mehta, Kayoze Irani",https://letterboxd.com/film/ajeeb-daastaans/
tt11651796,3.37,9787,Vikramaditya Motwane,https://letterboxd.com/film/ak-vs-ak/
tt27197387,3.08,10895,Morgan S. Dalibert,https://letterboxd.com/film/aka-2023/
tt28805537,3.4,793,Nick Hooker,https://letterboxd.com/film/aka-mr-chow/
tt20857676,2.04,7046,Maciej Kawulski,https://letterboxd.com/film/kleks-academy/
tt0437800,3.63,29067,Doug Atchison,https://letterboxd.com/film/akeelah-and-the-bee/
tt9916362,3.57,20306,Pablo Agüero,https://letterboxd.com/film/coven-2020-1/
tt30327762,3.6,23032,Saulė Bliuvaitė,https://letterboxd.com/film/toxic-2024/
tt20118266,3.17,1605,Fajar Bustomi,https://letterboxd.com/film/aku-jati-aku-asperger/
tt39370887,3.29,2975,Gina S. Noer,https://letterboxd.com/film/me-before-me/
tt12837230,2.83,1504,Theo Love,https://letterboxd.com/film/alabama-snake/
tt0103639,3.91,1178151,"John Musker, Ron Clements",https://letterboxd.com/film/aladdin/
tt6139732,3.12,788405,Guy Ritchie,https://letterboxd.com/film/aladdin-2019/
tt0115491,2.89,64137,Tad Stones,https://letterboxd.com/film/aladdin-and-the-king-of-thieves/
tt7120018,2.9,566,Daniel Augusto,https://letterboxd.com/film/albatroz/
tt6254874,2.86,872,Max Lang,https://letterboxd.com/film/albert-2016/
tt20274588,3.6,8985,Rob Reiner,https://letterboxd.com/film/albert-brooks-defending-my-life/
tt1602098,3.1,14103,Rodrigo García,https://letterboxd.com/film/albert-nobbs/
tt11930126,3.67,41433,Carla Simón,https://letterboxd.com/film/alcarras/
tt15475516,3.58,12454,María Zanetti,https://letterboxd.com/film/alemania-2023/
tt31727542,4,2863,Alex Timbers,https://letterboxd.com/film/alex-edelman-just-for-us/
tt5688996,2.47,75093,Craig Johnson,https://letterboxd.com/film/alex-strangelove/
tt1698641,2.67,78872,Miguel Arteta,https://letterboxd.com/film/alexander-and-the-terrible-horrible-no-good-very-bad-day/
tt13782222,2.31,3882,Marvin Lemus,https://letterboxd.com/film/alexander-and-the-terrible-horrible-no-good/
tt5674698,3.02,970,Carlo Padial,https://letterboxd.com/film/something-huge/
tt32128950,3.36,3443,Hernán Rosselli,https://letterboxd.com/film/something-old-something-new-something-borrowed/
tt7847324,3.42,463,Robert S. Bader,https://letterboxd.com/film/ali-cavett-the-tale-of-the-tapes/
tt11271990,3.38,22790,Lucky Kuswandi,https://letterboxd.com/film/ali-ratu-ratu-queens/
tt0139008,3.17,226,Victor Lima,https://letterboxd.com/film/ali-baba-e-os-quarenta-ladroes/
tt5066574,3.62,11383,Jaime Eliezer Karas,https://letterboxd.com/film/ali-wong-baby-cobra/
tt7410684,3.6,9587,Jaime Eliezer Karas,https://letterboxd.com/film/ali-wong-hard-knock-wife/
tt33350315,3.26,5870,Ali Wong,https://letterboxd.com/film/ali-wong-single-lady/
tt2782692,3.45,4454,Jeffrey Walker,https://letterboxd.com/film/alis-wedding/
tt22398528,1.34,6122,Richard John Taylor,https://letterboxd.com/film/alice-in-terrorland/
tt1014759,3.39,1522223,Tim Burton,https://letterboxd.com/film/alice-in-wonderland-2010/
tt0043274,3.82,654489,"Clyde Geronimi, Wilfred Jackson, Hamilton Luske",https://letterboxd.com/film/alice-in-wonderland-1951/
tt8217188,3.47,6322,Gil Baroni,https://letterboxd.com/film/alice-junior/
tt21606432,2.49,476,Fabrício Bittar,https://letterboxd.com/film/alice-no-mundo-da-internet/
tt0290406,3.07,1691,Eduardo Plá,https://letterboxd.com/film/alicia-en-el-pais-de-las-maravillas/
tt0078748,4.25,2016295,Ridley Scott,https://letterboxd.com/film/alien/
tt19849214,2.94,222,,https://letterboxd.com/film/alien-endgame/
tt0118583,2.63,324604,Jean-Pierre Jeunet,https://letterboxd.com/film/alien-resurrection/
tt11332750,3.16,5076,Stephen Chiodo,https://letterboxd.com/film/alien-xmas/
tt2316204,3.1,556036,Ridley Scott,https://letterboxd.com/film/alien-covenant/
tt18412256,3.59,1306480,Fede Álvarez,https://letterboxd.com/film/alien-romulus/
tt0090605,4.12,962473,James Cameron,https://letterboxd.com/film/aliens/
tt0417415,3.02,3529,"James Cameron, Steven Quale",https://letterboxd.com/film/aliens-of-the-deep/
tt0758730,1.63,142092,"Colin Strause, Greg Strause",https://letterboxd.com/film/aliens-vs-predator-requiem/
tt0103644,2.84,441724,David Fincher,https://letterboxd.com/film/alien-3/
tt0437086,3.24,477344,Robert Rodriguez,https://letterboxd.com/film/alita-battle-angel/
tt7611352,2.54,2620,Rob Grant,https://letterboxd.com/film/alive-2018/
tt0933877,3.41,207,"Ellen Goosenberg Kent, Jon Alpert",https://letterboxd.com/film/alive-day-memories-home-from-iraq/
tt22497768,3.11,8180,Fahad Alammari,https://letterboxd.com/film/alkhallat/
tt0881891,2.19,33308,Phil Traill,https://letterboxd.com/film/all-about-steve/
tt3993886,3.25,8671,Joe Robert Cole,https://letterboxd.com/film/all-day-and-a-night/
tt1666185,2.76,26404,Benny Boom,https://letterboxd.com/film/all-eyez-on-me/
tt10092698,1.85,22738,"Ari Costa, Eren Celeboglu",https://letterboxd.com/film/all-fun-and-games/
tt2900624,2.19,86306,Damien Leone,https://letterboxd.com/film/all-hallows-eve/
tt4486986,2.61,10866,Marc Forster,https://letterboxd.com/film/all-i-see-is-you/
tt1492705,2.83,761,Susan Walter,https://letterboxd.com/film/all-i-wish/
tt12538822,3.68,2317,"Liz Garbus, Lisa Cortés",https://letterboxd.com/film/all-in-the-fight-for-democracy/
tt18748482,2.81,420,David Lewis,https://letterboxd.com/film/all-kinds-of-love/
tt21192142,3.94,724537,Andrew Haigh,https://letterboxd.com/film/all-of-us-strangers/
tt0286261,3.88,9706,Mike Leigh,https://letterboxd.com/film/all-or-nothing/
tt4119278,2.28,4772,Ella Lemhagen,https://letterboxd.com/film/all-roads-lead-to-rome/
tt14316486,2.97,4380,Emmanuelle Pickett,https://letterboxd.com/film/all-souls-2023/
tt16377862,3.63,19312,Shaunak Sen,https://letterboxd.com/film/all-that-breathes/
tt3907584,3.21,403503,Brett Haley,https://letterboxd.com/film/all-the-bright-places/
tt0405676,2.81,6041,Steven Zaillian,https://letterboxd.com/film/all-the-kings-men-2006/
tt5294550,3.22,68158,Ridley Scott,https://letterboxd.com/film/all-the-money-in-the-world/
tt3706352,2.84,16895,Janus Metz,https://letterboxd.com/film/all-the-old-knives/
tt3791216,3.46,9649,Jay Roach,https://letterboxd.com/film/all-the-way-2016/
tt1922544,3.06,698,Melissa Miller Costanzo,https://letterboxd.com/film/all-these-small-moments/
tt3155342,3.02,9839,Brett Haley,https://letterboxd.com/film/all-together-now-2020/
tt1034090,2.85,654,Scott Marshall,https://letterboxd.com/film/alls-faire-in-love/
tt9467386,2.86,908,Ruud Schuurman,https://letterboxd.com/film/life-as-it-should-be/
tt7776430,3.47,2032,Eva Trobisch,https://letterboxd.com/film/all-good/
tt0217990,2.75,4374,Rod Daniel,https://letterboxd.com/film/alley-cats-strike/
tt3640424,3.32,116602,Robert Zemeckis,https://letterboxd.com/film/allied/
tt0055740,3.08,646,Steve Previn,https://letterboxd.com/film/almost-angels/
tt7711170,2.96,69206,John Hyams,https://letterboxd.com/film/alone-2020-1/
tt14506528,2.67,60664,Sofia Alvarez,https://letterboxd.com/film/along-for-the-ride-2022/
tt32275943,3.29,61668,Julia Ducournau,https://letterboxd.com/film/alpha-2025/
tt0426883,3.38,45229,Nick Cassavetes,https://letterboxd.com/film/alpha-dog/
tt9106672,3.42,5463,Caroline Link,https://letterboxd.com/film/when-hitler-stole-pink-rabbit/
tt10720098,3.55,359,"Perri Peltz, Matthew O'Neill",https://letterboxd.com/film/alternate-endings-six-new-ways-to-die-in-america/
tt1485674,3.03,256,Roberto Santucci,https://letterboxd.com/film/riding-high-2008/
tt0952640,2.9,610623,Tim Hill,https://letterboxd.com/film/alvin-and-the-chipmunks/
tt7374948,3.07,179733,Nahnatchka Khan,https://letterboxd.com/film/always-be-my-maybe-2019/
tt2737926,2.18,5667,James Moran,https://letterboxd.com/film/always-watching-a-marble-hornets-story/
tt0086871,3.33,387,Bruno Barreto,https://letterboxd.com/film/happily-ever-after-1985-1/
tt11225626,2.98,250312,"Tig Notaro, Stephanie Allynne",https://letterboxd.com/film/am-i-ok/
tt4142090,3.56,544,Cláudia Varejão,https://letterboxd.com/film/ama-san/
tt5952332,3.33,38709,"Brian McGinn, Rod Blackhurst",https://letterboxd.com/film/amanda-knox/
tt9310314,3.4,325,Stan Lathan,https://letterboxd.com/film/amanda-seales-i-be-knowin/
tt5343008,3.07,250,Nerina de Jager,https://letterboxd.com/film/amandla/
tt26658272,3.76,16685,Imtiaz Ali,https://letterboxd.com/film/amar-singh-chamkila/
tt0318292,3.74,84989,Fernando Sariñana,https://letterboxd.com/film/love-hurts-2002/
tt27118357,3.61,30047,Rajkumar Periasamy,https://letterboxd.com/film/amaran-2024/
tt9122672,2.91,1129,Caroline Fioratti,https://letterboxd.com/film/love-spell-2021-1/
tt5580392,2.9,12163,Ryan Koo,https://letterboxd.com/film/amateur-2018/
tt8282830,3.32,3240,Johnpaul George,https://letterboxd.com/film/ambili/
tt0138289,3.26,212,Ernest R. Dickerson,https://letterboxd.com/film/ambushed/
tt15494038,3.38,44893,Hiroyasu Ishida,https://letterboxd.com/film/drifting-home/
tt0265029,2.73,36526,Joe Roth,https://letterboxd.com/film/americas-sweethearts/
tt6733874,2.69,15467,Matt Thompson,https://letterboxd.com/film/america-the-motion-picture/
tt0169547,3.94,1252162,Sam Mendes,https://letterboxd.com/film/american-beauty/
tt20672490,2.47,16904,Diego Hallivis,https://letterboxd.com/film/american-carnage-2022/
tt0303633,3.18,357,Dan Mintz,https://letterboxd.com/film/american-crime/
tt13884444,2.78,3729,Paul Dektor,https://letterboxd.com/film/american-dreamer-2022/
tt9351980,3.67,40729,"Steven Bognar, Julia Reichert",https://letterboxd.com/film/american-factory/
tt0765429,3.96,411105,Ridley Scott,https://letterboxd.com/film/american-gangster/
tt0120586,4.17,999387,Tony Kaye,https://letterboxd.com/film/american-history-x/
tt3532216,3.47,234772,Doug Liman,https://letterboxd.com/film/american-made/
tt12987894,3.33,86985,Jenny Popplewell,https://letterboxd.com/film/american-murder-the-family-next-door/
tt5344054,2.62,585,Alessio Della Valle,https://letterboxd.com/film/american-night-2021/
tt11771594,1.78,27361,Mike Elliott,https://letterboxd.com/film/american-pie-presents-girls-rules/
tt0144084,3.75,4186644,Mary Harron,https://letterboxd.com/film/american-psycho/
tt1605630,2.86,137518,"Jon Hurwitz, Hayden Schlossberg",https://letterboxd.com/film/american-reunion/
tt13322120,2.62,382,Raja Collins,https://letterboxd.com/film/american-sicario/
tt13496236,1.91,1265,Edward Drake,https://letterboxd.com/film/american-siege/
tt2179136,3.44,626897,Clint Eastwood,https://letterboxd.com/film/american-sniper/
tt9664078,3.05,8411,Kenny Leon,https://letterboxd.com/film/american-son-2019/
tt0305206,3.78,41566,"Shari Springer Berman, Robert Pulcini",https://letterboxd.com/film/american-splendor/
tt32387554,2.52,26786,Uta Briesewitz,https://letterboxd.com/film/american-sweatshop/
tt28865980,3.39,18992,Matthew Heineman,https://letterboxd.com/film/american-symphony/
tt27991902,3.66,897,Brad Lockhart,https://letterboxd.com/film/american-thunder-nascar-to-le-mans/
tt1318044,2.04,2467,Clare Kilner,https://letterboxd.com/film/american-virgin-2009/
tt4303202,3.39,1268,Alex Ranarivelo,https://letterboxd.com/film/american-wrestler-the-wizard/
tt6690860,3.54,918,Philippa Robinson,https://letterboxd.com/film/americans-in-bed/
tt11236272,3.33,494,Luis Alberto Restrepo,https://letterboxd.com/film/nobodys-friend/
tt21907174,2.88,713,Javier Veiga,https://letterboxd.com/film/amigos-hasta-la-muerte-2023/
tt28669770,2.92,850,Rafael Gomes,https://letterboxd.com/film/amigos-sem-compromisso/
tt15847872,2.89,574,Izu Ojukwu,https://letterboxd.com/film/amina-2021/
tt2081435,3.1,518,"François Prévôt-Leygonie, Stéphan Archinard",https://letterboxd.com/film/true-friends-2012/
tt1935897,2.09,21466,Franck Khalfoun,https://letterboxd.com/film/amityville-the-awakening/
tt5206770,1.98,869,Tiago Mesquita,https://letterboxd.com/film/among-the-shadows/
tt3203890,2.92,1139,Pedro Pablo Ibarra,https://letterboxd.com/film/pulling-strings/
tt11269026,2.66,7850,Paco Caballero,https://letterboxd.com/film/honeymoon-with-my-mother/
tt8537984,2.98,284,"Suso Imbernón, Juanjo Moscardó Rius",https://letterboxd.com/film/instant-love-2020/
tt15863594,2.42,4203,Ale McHaddo,https://letterboxd.com/film/just-short-of-perfect/
tt0245712,4.19,320674,Alejandro G. Iñárritu,https://letterboxd.com/film/amores-perros/
tt5786632,3.05,846,Vera Egito,https://letterboxd.com/film/restless-love-2016/
tt7133340,3.19,454,Francesca Comencini,https://letterboxd.com/film/stories-of-love-that-cannot-belong-to-this-world/
tt0082017,3.24,991,Vincent McEveety,https://letterboxd.com/film/amy-1981/
tt20723730,2.84,424,Ryan Polito,https://letterboxd.com/film/amy-schumer-presents-parental-advisory/
tt27791865,2.79,1566,Amy Schumer,https://letterboxd.com/film/amy-schumer-emergency-contact/
tt9770590,2.99,3096,Amy Schumer,https://letterboxd.com/film/amy-schumer-growing/
tt4909348,3.16,1743,Chris Rock,https://letterboxd.com/film/amy-schumer-live-at-the-apollo/
tt6616074,2.09,5305,Amy Schumer,https://letterboxd.com/film/amy-schumer-the-leather-special/
tt27441525,3.32,3642,"Jordi Évole, Màrius Sánchez",https://letterboxd.com/film/the-pope-answers/
tt7049542,2.89,530,Joe Chappelle,https://letterboxd.com/film/an-acceptable-loss/
tt15600222,3.22,12852,Anirudh Iyer,https://letterboxd.com/film/an-action-hero/
tt8620646,2.37,1251,Víctor García,https://letterboxd.com/film/an-affair-to-die-for/
tt0050105,3.81,41743,Leo McCarey,https://letterboxd.com/film/an-affair-to-remember/
tt31868785,3.31,2015,Marc Levin,https://letterboxd.com/film/an-american-bombing-the-road-to-april-19th/
tt1340418,3.08,4487,Martha Coolidge,https://letterboxd.com/film/an-american-girl-chrissa-stands-strong/
tt2836524,3.63,480,Amy Schatz,https://letterboxd.com/film/an-apology-to-elephants/
tt13273728,2.16,2982,Bradley Walsh,https://letterboxd.com/film/an-autumn-romance/
tt0208185,3.38,94188,Douglas McCarthy,https://letterboxd.com/film/an-extremely-goofy-movie/
tt1785288,3.05,782,Brad Silberling,https://letterboxd.com/film/an-ordinary-man/
tt6173488,2.99,331,David Mackay,https://letterboxd.com/film/an-uncommon-grace/
tt0118615,2.41,176941,Luis Llosa,https://letterboxd.com/film/anaconda/
tt33244668,2.44,408836,Tom Gormican,https://letterboxd.com/film/anaconda-2025/
tt1137996,1.59,10543,Don E. FauntLeRoy,https://letterboxd.com/film/anaconda-3-offspring/
tt1150934,1.51,8778,Don E. FauntLeRoy,https://letterboxd.com/film/anacondas-trail-of-blood/
tt0144085,3.38,204,Sérgio Silva,https://letterboxd.com/film/anahy-de-las-misiones/
tt0118617,3.91,454219,"Gary Goldman, Don Bluth",https://letterboxd.com/film/anastasia-1997/
tt0048947,3.33,7493,Anatole Litvak,https://letterboxd.com/film/anastasia/
tt26931556,1.85,2497,Jimina Sabadú,https://letterboxd.com/film/anatema/
tt17009710,4.12,1561962,Justine Triet,https://letterboxd.com/film/anatomy-of-a-fall/
tt0052561,4.25,100935,Otto Preminger,https://letterboxd.com/film/anatomy-of-a-murder/
tt9820988,3.41,1079,Leandro Aguiari,https://letterboxd.com/film/anavitoria-araguaina-las-vegas/
tt0069713,3.21,1833,Enzo Barboni,https://letterboxd.com/film/even-angels-eat-beans/
tt14361314,2.48,3677,Claudio Norza,https://letterboxd.com/film/still-out-of-my-league/
tt36956284,2.65,663,Michela Andreozzi,https://letterboxd.com/film/still-sexy/
tt17526762,3.23,2878,Fabien Constant,https://letterboxd.com/film/and-just-like-that-the-documentary/
tt0337824,3.22,1747,Bruce Beresford,https://letterboxd.com/film/and-starring-pancho-villa-as-himself/
tt0106273,3.61,7629,Roger Spottiswoode,https://letterboxd.com/film/and-the-band-played-on/
tt32206574,3.17,22629,Jun Robles Lana,https://letterboxd.com/film/and-the-breadwinner-is/
tt24083008,3.93,1565,Pedro Bronz,https://letterboxd.com/film/andanca-os-encontros-e-as-memorias-de-beth-carvalho/
tt32553651,2.89,8147,Mahesh Babu P,https://letterboxd.com/film/andhra-king-taluka/
tt6776106,3.48,4500,Ísold Uggadóttir,https://letterboxd.com/film/and-breathe-normally/
tt11320192,2.44,3754,"Tord Danielsson, Oskar Mellander",https://letterboxd.com/film/the-evil-next-door/
tt35705915,3.58,3537,Troy Miller,https://letterboxd.com/film/andrew-schulz-life/
tt13919802,2.87,1812,Anubhav Sinha,https://letterboxd.com/film/anek/
tt12724622,3.03,4174,Franck Nataf,https://letterboxd.com/film/anelka-misunderstood/
tt33549447,2.81,34386,Ronan Day-Lewis,https://letterboxd.com/film/anemone-2025/
tt15887102,2.26,1103,Roman Perez Jr.,https://letterboxd.com/film/the-housemaid-2021/
tt28252817,2.81,322,Jules Katanyag,https://letterboxd.com/film/the-oskars-fantasy/
tt4058218,3.05,705,Anne Giafferi,https://letterboxd.com/film/love-at-first-child/
tt0225071,2.67,8435,Luis Mandoki,https://letterboxd.com/film/angel-eyes-2001/
tt6189022,2.75,90131,Ric Roman Waugh,https://letterboxd.com/film/angel-has-fallen/
tt0448992,3.1,259,Jim McKay,https://letterboxd.com/film/angel-rodriguez/
tt28118695,2.58,4636,Hugo Prata,https://letterboxd.com/film/angela-2023-1/
tt13260836,3.26,2557,Damien O'Connor,https://letterboxd.com/film/angelas-christmas-wish/
tt0808151,3.2,229062,Ron Howard,https://letterboxd.com/film/angels-demons/
tt0305224,2.88,180323,Peter Segal,https://letterboxd.com/film/anger-management/
tt15820298,3.69,6727,"Brice VDH, Sébastien Rensonnet",https://letterboxd.com/film/angele-2021/
tt0075682,3.57,2645,Dino Risi,https://letterboxd.com/film/lost-soul/
tt13751694,2.43,63702,Sandeep Reddy Vanga,https://letterboxd.com/film/animal-2023/
tt4155534,2.57,4117,"Tony Bancroft, Scott Christian Sava, Jaime Maestro",https://letterboxd.com/film/animal-crackers-2017/
tt10719946,2.84,2505,Lex Ortega,https://letterboxd.com/film/human-animals-2020/
tt7474914,2.97,477,Jota Linares,https://letterboxd.com/film/unbridled-2018/
tt13853720,2.72,1504,Ben Simms,https://letterboxd.com/film/animals-on-the-loose-a-you-vs-wild-movie/
tt4199110,3.04,576,Jaime Eliezer Karas,https://letterboxd.com/film/anjelah-johnson-not-fancy/
tt16951452,2.82,8613,Ursula Macfarlane,https://letterboxd.com/film/anna-nicole-smith-you-dont-know-me/
tt3322940,2.55,602956,John R. Leonetti,https://letterboxd.com/film/annabelle/
tt8350360,2.61,336467,Gary Dauberman,https://letterboxd.com/film/annabelle-comes-home/
tt5140878,3.06,415257,David F. Sandberg,https://letterboxd.com/film/annabelle-creation/
tt0417433,2.85,7813,Justin Lin,https://letterboxd.com/film/annapolis/
tt15420598,2.92,10958,Valerie Bisscheroux,https://letterboxd.com/film/anne-the-film/
tt6217926,3.38,125858,Leos Carax,https://letterboxd.com/film/annette/
tt14071882,2.92,1177,Fabio Mollo,https://letterboxd.com/film/dog-years-2021/
tt1823664,3.17,159222,Will Gluck,https://letterboxd.com/film/annie-2014/
tt0207972,3.27,24123,Rob Marshall,https://letterboxd.com/film/annie-1999/
tt12583926,3.09,72667,Jan Komasa,https://letterboxd.com/film/anniversary-2025/
tt5397194,2.69,27220,Andrew Niccol,https://letterboxd.com/film/anon/
tt32380407,3.04,4308,Khomkrit Treewimol,https://letterboxd.com/film/my-boo-2024/
tt1521197,3.02,12182,Roland Emmerich,https://letterboxd.com/film/anonymous-2011/
tt28607951,3.77,2613038,Sean Baker,https://letterboxd.com/film/anora/
tt1549572,3.48,56160,Mike Cahill,https://letterboxd.com/film/another-earth/
tt20214908,2.36,172819,Paul Feig,https://letterboxd.com/film/another-simple-favor/
tt0478970,3.22,1876805,Peyton Reed,https://letterboxd.com/film/ant-man/
tt5095030,2.82,1388019,Peyton Reed,https://letterboxd.com/film/ant-man-and-the-wasp/
tt10954600,2.14,1059792,Peyton Reed,https://letterboxd.com/film/ant-man-and-the-wasp-quantumania/
tt32055642,2.82,3453,Santiago Correa,https://letterboxd.com/film/the-doomsday-cult-of-antares-de-la-luz/
tt2436046,2.2,5965,Ask Hasselbalch,https://letterboxd.com/film/antboy/
tt3606698,2.2,2665,Ask Hasselbalch,https://letterboxd.com/film/antboy-revenge-of-the-red-fury/
tt6054710,2.83,815,Robin Hays,https://letterboxd.com/film/anthem-of-a-teenage-prophet/
tt34225422,3.66,6035,Bill Benz,https://letterboxd.com/film/anthony-jeselnik-bones-and-all/
tt10050780,3.6,7169,Marcus Raboy,https://letterboxd.com/film/anthony-jeselnik-fire-in-the-maternity-ward/
tt5087554,3.74,7177,Adam Dubin,https://letterboxd.com/film/anthony-jeselnik-thoughts-and-prayers/
tt0870984,3.36,265870,Lars von Trier,https://letterboxd.com/film/antichrist/
tt7740510,2.67,100678,Scott Cooper,https://letterboxd.com/film/antlers/
tt13885428,3.35,18753,Darwin Kuriakose,https://letterboxd.com/film/anweshippin-kandethum/
tt0146838,3.45,63565,Oliver Stone,https://letterboxd.com/film/any-given-sunday/
tt11464446,3,6696,Billy Porter,https://letterboxd.com/film/anythings-possible-2022/
tt0149691,3.21,21002,Wayne Wang,https://letterboxd.com/film/anywhere-but-here/
tt16088568,2.65,29286,María Torres,https://letterboxd.com/film/anonymously-yours-2021/
tt22056918,3.33,942,Nepomuk V. Fischer,https://letterboxd.com/film/apache-stays-apache/
tt13823990,2.82,3483,Romain Quirot,https://letterboxd.com/film/apaches-gang-of-paris/
tt30248005,2.51,2138,Natalia Warth,https://letterboxd.com/film/apaixonada/
tt0254110,3.06,1049,Alberto Lecchi,https://letterboxd.com/film/apariencias/
tt1540767,1.54,2590,Michael Taverna,https://letterboxd.com/film/apartment-1303-3d/
tt14371860,2.76,58285,Natalie Erika James,https://letterboxd.com/film/apartment-7a/
tt16431404,2.58,399506,Baltasar Kormákur,https://letterboxd.com/film/apex-2026/
tt13265876,1.61,3433,Edward Drake,https://letterboxd.com/film/apex-2021/
tt30012657,3.74,35816,Petra Costa,https://letterboxd.com/film/apocalypse-in-the-tropics/
tt27599851,2.79,47430,Carles Torrens,https://letterboxd.com/film/apocalypse-z-the-beginning-of-the-end/
tt7978758,3.64,57223,Richard Linklater,https://letterboxd.com/film/apollo-10-a-space-age-childhood/
tt0112384,3.82,323844,Ron Howard,https://letterboxd.com/film/apollo-13/
tt31852716,3.57,5814,Pete Middleton,https://letterboxd.com/film/apollo-13-survival/
tt9782756,3.61,1046,Tom Jennings,https://letterboxd.com/film/apollo-missions-to-the-moon/
tt6217306,3.09,140517,Gareth Evans,https://letterboxd.com/film/apostle-2018/
tt0800308,3.25,21950,Ed Harris,https://letterboxd.com/film/appaloosa/
tt17202164,2.65,10898,Anna Zlokovic,https://letterboxd.com/film/appendage-2023/
tt3077108,3.4,14544,Desiree Akhavan,https://letterboxd.com/film/appropriate-behavior/
tt14636190,3.09,7909,"Dave Willis, Matt Maiellaro",https://letterboxd.com/film/aqua-teen-forever-plantasm/
tt1477834,2.79,945483,James Wan,https://letterboxd.com/film/aquaman-2018/
tt9663764,2.21,320277,James Wan,https://letterboxd.com/film/aquaman-and-the-lost-kingdom/
tt5221584,3.97,63593,Kleber Mendonça Filho,https://letterboxd.com/film/aquarius/
tt1527835,3.45,6248,Joanna Hogg,https://letterboxd.com/film/archipelago/
tt14883538,3.88,140824,Ugo Bienvenu,https://letterboxd.com/film/arco/
tt4426464,1.94,2865,"Dimos Vrysellas, Aaron Woodley",https://letterboxd.com/film/arctic-dogs/
tt9183978,2.37,3517,Darren Mann,https://letterboxd.com/film/arctic-void/
tt0077174,2.95,2494,Walter Grauman,https://letterboxd.com/film/are-you-in-the-house-alone/
tt9185206,3.73,326911,Kelly Fremon Craig,https://letterboxd.com/film/are-you-there-god-its-me-margaret/
tt14132588,2.11,1045,Brandon Slagle,https://letterboxd.com/film/arena-wars/
tt19056070,2.15,3566,Andres Beltran,https://letterboxd.com/film/quicksand-2023/
tt15301048,4,171916,Santiago Mitre,https://letterboxd.com/film/argentina-1985/
tt1024648,3.75,538345,Ben Affleck,https://letterboxd.com/film/argo/
tt34753871,3.39,918,Eric Abrams,https://letterboxd.com/film/ari-shaffir-americas-sweetheart/
tt13615386,3.95,48591,Paul Dugdale,https://letterboxd.com/film/ariana-grande-excuse-me-i-love-you/
tt14807346,2.67,720,Adrianto Sinaga,https://letterboxd.com/film/arini-by-loveinc/
tt0137363,3.53,43533,Mark Pellington,https://letterboxd.com/film/arlington-road/
tt13454122,3.25,4057,Ryan Crego,https://letterboxd.com/film/arlo-the-alligator-boy/
tt0120591,3.2,309509,Michael Bay,https://letterboxd.com/film/armageddon/
tt0106308,3.71,367429,Sam Raimi,https://letterboxd.com/film/army-of-darkness/
tt4382824,2.74,9396,Larry Charles,https://letterboxd.com/film/army-of-one-2016/
tt0993840,2.52,312933,Zack Snyder,https://letterboxd.com/film/army-of-the-dead-2021/
tt13024674,2.92,108526,Matthias Schweighöfer,https://letterboxd.com/film/army-of-thieves/
tt0837106,3.13,5388,Peter Flinth,https://letterboxd.com/film/arn-the-knight-templar/
tt5640450,2.99,15180,Tony Elliott,https://letterboxd.com/film/arq/
tt2543164,4.14,2734325,Denis Villeneuve,https://letterboxd.com/film/arrival-2016/
tt1130981,3.79,21046,Roberto Sneider,https://letterboxd.com/film/tear-this-heart-out/
tt5580536,1.94,2787,Steven C. Miller,https://letterboxd.com/film/arsenal-2017/
tt10150694,3.23,280,Brian Volk-Weiss,https://letterboxd.com/film/arsenio-hall-smart-and-classy/
tt7052270,2.52,452,Giles Alderson,https://letterboxd.com/film/arthur-merlin-knights-of-camelot/
tt10720352,3.26,57215,Simon Cellan Jones,https://letterboxd.com/film/arthur-the-king-2024/
tt30970235,3.24,8014,Aditya Suhas Jambhale,https://letterboxd.com/film/article-370/
tt26342673,3.32,7357,Martín Shanly,https://letterboxd.com/film/about-thirty/
tt8894180,3.49,10007,Edwin,https://letterboxd.com/film/aruna-her-palate/
tt6400280,3.85,8539,"João Dumans, Affonso Uchôa",https://letterboxd.com/film/araby-2017/
tt30431349,2.28,1009,Cláudio Boeckel,https://letterboxd.com/film/as-aventuras-de-poliana-o-filme/
tt2139601,3.92,3620,Eduardo Coutinho,https://letterboxd.com/film/songs/
tt0119822,3.64,241290,James L. Brooks,https://letterboxd.com/film/as-good-as-it-gets/
tt28589391,3.25,1806,John Rogers,https://letterboxd.com/film/as-if-its-true/
tt0130108,3.49,3242,Emiliano Ribeiro,https://letterboxd.com/film/as-meninas/
tt1882041,3.19,1151,"Halder Gomes, Glauber Filho",https://letterboxd.com/film/as-maes-de-chico-xavier/
tt30291991,3.49,361,J.M. Harper,https://letterboxd.com/film/as-we-speak-rap-music-on-trial/
tt0450972,2.87,3698,Kenneth Branagh,https://letterboxd.com/film/as-you-like-it-2006/
tt17489650,2.35,49341,Flying Lotus,https://letterboxd.com/film/ash-2025/
tt11900398,2.67,1355,Atta Halilintar,https://letterboxd.com/film/ashiap-man/
tt40915016,3.2,4068,Ambiecka Pandit,https://letterboxd.com/film/babita-singh-reporting/
tt14486678,2.53,13437,Emre Kabakuşak,https://letterboxd.com/film/love-tactics/
tt5628418,2.93,3976,Mikkel Brænne Sandemose,https://letterboxd.com/film/the-ash-lad-in-the-hall-of-the-mountain-king/
tt0209919,3.88,1513,Frederick Wiseman,https://letterboxd.com/film/aspen/
tt1509788,2.5,1741,Chris Nelson,https://letterboxd.com/film/ass-backwards/
tt2094766,2.03,184601,Justin Kurzel,https://letterboxd.com/film/assassins-creed/
tt1436568,2.69,3360,Ernie Barbarash,https://letterboxd.com/film/assassination-games/
tt1018818,2.94,3915,Brett Simon,https://letterboxd.com/film/assassination-of-a-high-school-president/
tt2158314,2.95,278,Thierry Binisti,https://letterboxd.com/film/murdered/
tt11210390,2.25,72974,Guillaume Canet,https://letterboxd.com/film/asterix-obelix-the-middle-kingdom/
tt0062687,3.64,31708,"René Goscinny, Albert Uderzo",https://letterboxd.com/film/asterix-and-cleopatra/
tt0061369,3.28,18505,Ray Goossens,https://letterboxd.com/film/asterix-the-gaul/
tt8011344,2.6,345,Rajdeep,https://letterboxd.com/film/asuraguru/
tt9477520,3.99,19541,Vetrimaaran,https://letterboxd.com/film/asuran/
tt27080643,2.7,2776,Tarun Teja Mallareddy,https://letterboxd.com/film/asvins/
tt0804443,2.01,2112,David R. Ellis,https://letterboxd.com/film/asylum-2008/
tt3091552,3.95,2588,Frederick Wiseman,https://letterboxd.com/film/at-berkeley/
tt5994166,2.73,1580,Jason Stone,https://letterboxd.com/film/at-first-light/
tt1483324,3.13,4618,Adam Rodgers,https://letterboxd.com/film/at-middleton/
tt14874302,2.48,4237,Jonah Feingold,https://letterboxd.com/film/at-midnight-2023/
tt8299654,3.95,4155,Erin Lee Carr,https://letterboxd.com/film/at-the-heart-of-gold-inside-the-usa-gymnastics-scandal/
tt15445056,3.53,103930,Romain Gavras,https://letterboxd.com/film/athena-2022-1/
tt11905462,3.84,27159,"Bonni Cohen, Jon Shenk",https://letterboxd.com/film/athlete-a/
tt10199586,3.68,47580,Mati Diop,https://letterboxd.com/film/atlantics-2019/
tt6467274,3.02,933,Simcha Jacobovici,https://letterboxd.com/film/atlantis-rising/
tt0344864,2.48,42917,"Victor Cook, Tad Stones, Toby Shelton",https://letterboxd.com/film/atlantis-milos-return/
tt0230011,3.78,430552,"Gary Trousdale, Kirk Wise",https://letterboxd.com/film/atlantis-the-lost-empire/
tt14856980,2.07,60859,Brad Peyton,https://letterboxd.com/film/atlas-2024/
tt6829446,3.51,421,Rebecca Cammisa,https://letterboxd.com/film/atomic-homefront/
tt4690052,2.79,849,Walter Lima Jr.,https://letterboxd.com/film/through-the-shadow/
tt33319618,3.51,1954,Ryan Harper Gray,https://letterboxd.com/film/atsuko-okatsuka-father/
tt21335620,3.74,3403,Tig Notaro,https://letterboxd.com/film/atsuko-okatsuka-the-intruder/
tt1478964,3.57,152384,Joe Cornish,https://letterboxd.com/film/attack-the-block/
tt1691323,3.46,16589,Athina Rachel Tsangari,https://letterboxd.com/film/attenberg/
tt5336784,3.57,323,Charlotte Scott,https://letterboxd.com/film/attenborough-and-the-giant-dinosaur/
tt2332518,2.93,22383,Roberto Santucci,https://letterboxd.com/film/till-luck-do-us-part/
tt3148528,2.84,14664,Roberto Santucci,https://letterboxd.com/film/till-luck-do-us-part-2/
tt4491640,2.78,12143,"Roberto Santucci, Marcelo Antunez",https://letterboxd.com/film/till-luck-do-us-part-3/
tt0060138,4.06,69407,Robert Bresson,https://letterboxd.com/film/au-hasard-balthazar/
tt5278460,3.51,8493,"Bonni Cohen, Jon Shenk",https://letterboxd.com/film/audrie-daisy/
tt15169898,3.51,1153,Bambang Kuntara Murti,https://letterboxd.com/film/aum/
tt8821182,2.64,1959,Yam Laranas,https://letterboxd.com/film/aurora-2018/
tt0295178,3.09,257593,Jay Roach,https://letterboxd.com/film/austin-powers-in-goldmember/
tt0145660,3.34,299159,Jay Roach,https://letterboxd.com/film/austin-powers-the-spy-who-shagged-me/
tt35945025,2.59,920,Bruno Murtinho,https://letterboxd.com/film/authentic-games-in-the-disconnected-empire/
tt0443435,2.44,5023,Adam Gierasch,https://letterboxd.com/film/autopsy/
tt36971130,3.51,8240,José Manuel Cravioto,https://letterboxd.com/film/rock-weed-and-wheels/
tt21265622,2.91,471,Antonio Dikele Distefano,https://letterboxd.com/film/autumn-beat/
tt0174480,2.47,36234,Joan Chen,https://letterboxd.com/film/autumn-in-new-york/
tt8784956,2.25,63914,Tate Taylor,https://letterboxd.com/film/ava-2020/
tt1614950,2.67,21254,Stuart Gillard,https://letterboxd.com/film/avalon-high/
tt7998242,3.53,4263,Sachin Ravi Payyanur,https://letterboxd.com/film/avane-srimannarayana/
tt28537922,2.57,276,Mara Mourão,https://letterboxd.com/film/overwhelming-women-20/
tt0499549,3.77,3294962,James Cameron,https://letterboxd.com/film/avatar/
tt18259538,3.73,272310,Lauren Montgomery,https://letterboxd.com/film/avatar-aang-the-last-airbender/
tt38890580,3.45,475,Dave Hoffman,https://letterboxd.com/film/avatar-a-new-era-special-edition-of-20-20/
tt1757678,3.55,1678553,James Cameron,https://letterboxd.com/film/avatar-fire-and-ash/
tt1630029,3.65,2795434,James Cameron,https://letterboxd.com/film/avatar-the-way-of-water/
tt8836988,3.32,24870,Jesse V. Johnson,https://letterboxd.com/film/avengement/
tt2395427,3.33,2311089,Joss Whedon,https://letterboxd.com/film/avengers-age-of-ultron/
tt4154796,4.02,3966725,"Anthony Russo, Joe Russo",https://letterboxd.com/film/avengers-endgame/
tt4154756,4.09,4020093,"Anthony Russo, Joe Russo",https://letterboxd.com/film/avengers-infinity-war/
tt4876096,3.23,795,Michael Angarano,https://letterboxd.com/film/avenues/
tt22016156,2.34,17565,Richard Holm,https://letterboxd.com/film/the-abyss-2023/
tt32138523,3.92,25935,Henrik Burman,https://letterboxd.com/film/avicii-im-tim/
tt0370263,2.66,251083,Paul W. S. Anderson,https://letterboxd.com/film/avp-alien-vs-predator/
tt9551424,2.83,256,Pablo Macho Maysonet IV,https://letterboxd.com/film/await-the-dawn/
tt0211933,3.24,123956,Joby Harold,https://letterboxd.com/film/awake/
tt10418662,2.19,54842,Mark Raso,https://letterboxd.com/film/awake-2021/
tt7584702,2.31,1617,Aleksandr Chernyaev,https://letterboxd.com/film/awake-2019/
tt4966046,2.09,959,J.S. Wilson,https://letterboxd.com/film/awaken-the-shadowman/
tt18556326,2.54,2767,Daniel Benmayor,https://letterboxd.com/film/awareness-2023-1/
tt14581084,3.47,1351,Jöns Jönsson,https://letterboxd.com/film/axiom-2022/
tt2836450,3.59,4376,"Will Lovelace, Dylan Southern",https://letterboxd.com/film/aziz-ansari-buried-alive/
tt4530184,3.46,4416,Aziz Ansari,https://letterboxd.com/film/aziz-ansari-live-at-madison-square-garden/
tt10575038,3.61,12079,Spike Jonze,https://letterboxd.com/film/aziz-ansari-right-now/
tt11213372,2.82,10960,"Durul Taylan, Yağmur Taylan",https://letterboxd.com/film/stuck-apart/
tt33797166,3.31,12829,Paco León,https://letterboxd.com/film/aida-the-movie/
tt21308698,2.52,5914,Recai Karagöz,https://letterboxd.com/film/love-tactics-2/
tt14369296,2.52,5421,Hilal Saral,https://letterboxd.com/film/doom-of-love/
tt2784204,3.52,385,Chika Anadu,https://letterboxd.com/film/b-for-boy/
tt22333954,2.14,4091,Paula Elle,https://letterboxd.com/film/bb-merry/
tt14369276,2.94,3515,Andaç Haznedaroğlu,https://letterboxd.com/film/my-fathers-violin/
tt0112431,3.46,203047,Chris Noonan,https://letterboxd.com/film/babe/
tt0120595,3.17,67304,George Miller,https://letterboxd.com/film/babe-pig-in-the-city/
tt6850578,3.73,3265,Bárbara Paz,https://letterboxd.com/film/babenco-tell-me-when-i-die/
tt0054649,2.94,5682,"Jack Donohue, Austen Jewell",https://letterboxd.com/film/babes-in-toyland/
tt0273100,4,5656,Eduardo Coutinho,https://letterboxd.com/film/babilonia-2000/
tt38504137,3.45,20210,"Sinan Sevinç, Juan Moreno",https://letterboxd.com/film/babo-the-haftbefehl-story/
tt0092605,3.21,28704,Charles Shyer,https://letterboxd.com/film/baby-boom/
tt37544992,3.2,1778,Nachiket Samant,https://letterboxd.com/film/baby-do-die-do/
tt3890160,3.71,3249700,Edgar Wright,https://letterboxd.com/film/baby-driver/
tt11916166,3.03,1808,Hannah Olson,https://letterboxd.com/film/baby-god/
tt0871426,2.82,73504,Michael McCullers,https://letterboxd.com/film/baby-mama/
tt15084854,3.23,1335,Alan Foreman,https://letterboxd.com/film/baby-sharks-big-movie/
tt0109190,2.95,83829,Patrick Read Johnson,https://letterboxd.com/film/babys-day-out/
tt0364970,2.33,23601,Mathieu Kassovitz,https://letterboxd.com/film/babylon-ad/
tt4400058,2.94,52130,"Nicolas Benamou, Philippe Lacheau",https://letterboxd.com/film/babysitting-2/
tt0086927,2.94,18953,Neal Israel,https://letterboxd.com/film/bachelor-party/
tt21191806,2.46,167641,Seth Gordon,https://letterboxd.com/film/back-in-action-2025/
tt0090685,3.17,28941,Alan Metter,https://letterboxd.com/film/back-to-school/
tt0088763,4.22,2960635,Robert Zemeckis,https://letterboxd.com/film/back-to-the-future/
tt0096874,3.92,1205405,Robert Zemeckis,https://letterboxd.com/film/back-to-the-future-part-ii/
tt0099088,3.61,887536,Robert Zemeckis,https://letterboxd.com/film/back-to-the-future-part-iii/
tt13575806,2.87,23671,"Clare Knight, Harry Cripps",https://letterboxd.com/film/back-to-the-outback/
tt2944198,2.76,25759,Adam MacDonald,https://letterboxd.com/film/backcountry/
tt1326238,3.08,322,Fernando Fragata,https://letterboxd.com/film/backlight/
tt11912692,3.2,922,Guntur Soeharjanto,https://letterboxd.com/film/backstage-2021/
tt2762506,3.92,189701,"Kleber Mendonça Filho, Juliano Dornelles",https://letterboxd.com/film/bacurau/
tt1928330,2.58,4719,Craig Moss,https://letterboxd.com/film/bad-ass/
tt27675583,2.34,5840,Gonzalo Fernandez Carmona,https://letterboxd.com/film/almost-cops/
tt0112442,3.31,353401,Michael Bay,https://letterboxd.com/film/bad-boys-1995/
tt0172156,3.31,249759,Michael Bay,https://letterboxd.com/film/bad-boys-ii/
tt4919268,3.18,288177,"Adil El Arbi, Bilall Fallah",https://letterboxd.com/film/bad-boys-ride-or-die/
tt0280486,2.59,14595,Joel Schumacher,https://letterboxd.com/film/bad-company-2002/
tt8206668,3.64,86466,Cory Finley,https://letterboxd.com/film/bad-education-2019/
tt4798836,2.98,15351,Justin Simien,https://letterboxd.com/film/bad-hair-2020/
tt3856042,2.25,26542,Érik Canuel,https://letterboxd.com/film/bad-hair-day/
tt29344984,3.17,1516,Masato Harada,https://letterboxd.com/film/bad-lands-2023/
tt4651520,2.89,182888,"Scott Moore, Jon Lucas",https://letterboxd.com/film/bad-moms/
tt1798603,2.42,25604,Mark Waters,https://letterboxd.com/film/bad-santa-2/
tt1284575,2.51,221268,Jake Kasdan,https://letterboxd.com/film/bad-teacher/
tt8488518,2.53,783,William Teitler,https://letterboxd.com/film/bad-therapy/
tt6628394,3.47,288702,Drew Goddard,https://letterboxd.com/film/bad-times-at-the-el-royale/
tt9684220,3.26,107339,Kitao Sakurai,https://letterboxd.com/film/bad-trip-2021/
tt37536961,3.51,1185,Raihan Halim,https://letterboxd.com/film/badak/
tt10253466,2.79,758,Justin Lee,https://letterboxd.com/film/badland-2019/
tt6277440,2.85,14267,Shashank Khaitan,https://letterboxd.com/film/badrinath-ki-dulhania/
tt0802944,3.62,393,"Jon Alpert, Matthew O'Neill",https://letterboxd.com/film/baghdad-er/
tt21201300,2,43621,Colm McCarthy,https://letterboxd.com/film/bagman-2024/
tt15000314,3.3,11182,Amp Wong,https://letterboxd.com/film/green-snake-2021/
tt34682248,2.94,6100,Andrucha Waddington,https://letterboxd.com/film/vini-jr/
tt17677492,2.36,2015,Toichiro Ruto,https://letterboxd.com/film/the-violence-action/
tt5572566,2.85,7194,Didier Bivel,https://letterboxd.com/film/hidden-kisses/
tt9845564,3,18781,Lluís Quílez,https://letterboxd.com/film/below-zero-2021/
tt6347150,2.78,2575,Samu Fuentes,https://letterboxd.com/film/the-skin-of-the-wolf/
tt13815702,3.35,281,Jass Grewal,https://letterboxd.com/film/bajre-da-sitta/
tt32063098,2.74,78912,Edward Berger,https://letterboxd.com/film/ballad-of-a-small-player/
tt10456740,3.07,17846,Guillaume Pierret,https://letterboxd.com/film/lost-bullet/
tt14465706,3.19,9934,Guillaume Pierret,https://letterboxd.com/film/lost-bullet-2/
tt29768333,3.18,6918,Guillaume Pierret,https://letterboxd.com/film/last-bullet/
tt2261287,3.3,122375,"Eric Summer, Éric Warin",https://letterboxd.com/film/ballerina-2016/
tt7181546,3.28,543740,Len Wiseman,https://letterboxd.com/film/ballerina-2025/
tt0787470,2.45,2767,Danny Leiner,https://letterboxd.com/film/balls-out-gary-the-tennis-coach/
tt26735622,1.97,46601,Peter Farrelly,https://letterboxd.com/film/balls-up-2026/
tt33059549,3.26,17271,Kip Oebanda,https://letterboxd.com/film/ballot/
tt7653006,3.37,352,Sonja Sohn,https://letterboxd.com/film/baltimore-rising/
tt0814666,3.78,3684,Abderrahmane Sissako,https://letterboxd.com/film/bamako/
tt0034492,3.57,478386,David Hand,https://letterboxd.com/film/bambi/
tt0447854,3.01,33512,Brian Pimental,https://letterboxd.com/film/bambi-ii/
tt32373637,2.73,1562,Michel Fessler,https://letterboxd.com/film/bambi-a-tale-of-life-in-the-woods/
tt26547790,3.13,15035,Sophon Sakdaphisit,https://letterboxd.com/film/home-for-rent/
tt0082045,3.28,7413,Steno,https://letterboxd.com/film/banana-joe/
tt1610452,3.47,19647,Maneesh Sharma,https://letterboxd.com/film/band-baaja-baaraat/
tt33510831,3.93,1405,Chase Millsap,https://letterboxd.com/film/band-of-brothers-legacy/
tt32276312,3.06,6399,João Wainer,https://letterboxd.com/film/outlaw-2024/
tt0416496,2.88,20185,"Espen Sandberg, Joachim Rønning",https://letterboxd.com/film/bandidas/
tt9853500,3.05,9669,Allan Ungar,https://letterboxd.com/film/bandit-2022/
tt0219965,3.16,27532,Barry Levinson,https://letterboxd.com/film/bandits-2001/
tt41702551,3.74,3610,"Stephanie Schwam, Jyllian Gunther",https://letterboxd.com/film/bang-my-box-the-robin-byrd-story/
tt35434840,2.15,12207,So-Me,https://letterboxd.com/film/banger-2025/
tt31158592,3.11,947,Kongkiat Khomsiri,https://letterboxd.com/film/bangkok-breaking-heaven-and-hell/
tt14308636,3.16,22299,Chris Foggin,https://letterboxd.com/film/bank-of-dave/
tt0414852,3.4,32572,Pierre Morel,https://letterboxd.com/film/district-b13/
tt1247640,3.02,16135,Patrick Alessandrin,https://letterboxd.com/film/district-13-ultimatum/
tt10958282,3.25,17169,"Alix Mathurin, Leïla Sy",https://letterboxd.com/film/street-flow/
tt27045321,2.98,10304,"Leïla Sy, Alix Mathurin",https://letterboxd.com/film/street-flow-2/
tt37800570,3.18,8031,"Leïla Sy, Alix Mathurin",https://letterboxd.com/film/street-flow-3/
tt15250656,2.49,1176,Jim Mahoney,https://letterboxd.com/film/bar-fight-2022/
tt29247040,2.88,7786,Aditya Suhas Jambhale,https://letterboxd.com/film/baramulla/
tt21265550,3.15,859,Rodrigo França,https://letterboxd.com/film/a-cut-above-2022/
tt2178941,3.78,23724,Christian Petzold,https://letterboxd.com/film/barbara/
tt15791034,3.43,1660169,Zach Cregger,https://letterboxd.com/film/barbarian-2022/
tt10189536,2.38,6622,Charles Dorfman,https://letterboxd.com/film/barbarians-2021/
tt0303714,3.2,29422,Tim Story,https://letterboxd.com/film/barbershop/
tt0337579,2.92,12145,Kevin Rodney Sullivan,https://letterboxd.com/film/barbershop-2-back-in-business/
tt3628584,2.83,11907,Malcolm D. Lee,https://letterboxd.com/film/barbershop-the-next-cut/
tt1517268,3.67,6143300,Greta Gerwig,https://letterboxd.com/film/barbie/
tt14317062,2.39,6315,Cassi Simonds,https://letterboxd.com/film/barbie-chelsea-the-lost-birthday/
tt5888384,2.49,11746,"Ken Cunningham, Michael Goguen, Conrad Helten",https://letterboxd.com/film/barbie-her-sisters-in-a-puppy-chase/
tt33550838,2.71,1196,Karen J. Lloyd,https://letterboxd.com/film/barbie-teresa-recipe-for-friendship/
tt31181357,2.41,1435,Conrad Helten,https://letterboxd.com/film/barbie-and-stacie-to-the-rescue/
tt0480345,3.7,127586,Greg Richardson,https://letterboxd.com/film/barbie-and-the-magic-of-pegasus/
tt0288441,3.52,142124,Owen Hurley,https://letterboxd.com/film/barbie-in-the-nutcracker/
tt1725929,3.88,126147,William Lau,https://letterboxd.com/film/barbie-a-fashion-fairytale/
tt15053428,2.65,10139,Scott Pleydell-Pearce,https://letterboxd.com/film/barbie-big-city-big-dreams/
tt7130740,2.8,23283,"Conrad Helten, Michael Douglas",https://letterboxd.com/film/barbie-dolphin-magic/
tt5788866,2.37,2930,Eran Lazar,https://letterboxd.com/film/barbie-dreamtopia/
tt21933210,2.41,5174,Ron Myrick,https://letterboxd.com/film/barbie-mermaid-power/
tt12767498,2.41,9636,Conrad Helten,https://letterboxd.com/film/barbie-princess-adventure/
tt26931203,2.5,2156,Steve Daye,https://letterboxd.com/film/barbie-skipper-and-the-big-babysitting-adventure/
tt7588584,3.64,891,"Barbra Streisand, Jim Gable",https://letterboxd.com/film/barbra-the-music-the-memries-the-magic/
tt14176542,3.51,77070,Alejandro G. Iñárritu,https://letterboxd.com/film/bardo-false-chronicle-of-a-handful-of-truths/
tt0075727,3.21,395,Don Edmonds,https://letterboxd.com/film/bare-knuckles-1977/
tt2355495,2.79,14097,Andrew Fleming,https://letterboxd.com/film/barefoot-2014/
tt1423894,3.51,8546,Richard J. Lewis,https://letterboxd.com/film/barneys-version/
tt5663298,3.26,510,"Jason Cortlund, Julia Halperin",https://letterboxd.com/film/barracuda-2017/
tt43706402,3.18,10199,Daniela Goggi,https://letterboxd.com/film/barreda/
tt5477566,3.06,9478,Vikram Gandhi,https://letterboxd.com/film/barry-2016/
tt14315566,2.59,1071,Daniel Markowicz,https://letterboxd.com/film/bartkowiak/
tt0430912,2.08,13913,Michael Caton-Jones,https://letterboxd.com/film/basic-instinct-2/
tt7524624,3.11,374,Mathieu Mortelmans,https://letterboxd.com/film/bastaard/
tt20561198,4,76028,Nikolaj Arcel,https://letterboxd.com/film/the-promised-land-2023/
tt2368619,2.76,33123,James Watkins,https://letterboxd.com/film/bastille-day/
tt31032711,2.55,4210,Olivier Marchal,https://letterboxd.com/film/squad-36/
tt12018108,2.93,429,Glauber Filho,https://letterboxd.com/film/bate-coracao/
tt8869978,3.12,2615,Nikkhil Advani,https://letterboxd.com/film/batla-house/
tt0096895,3.64,672990,Tim Burton,https://letterboxd.com/film/batman-1989/
tt0060153,3.31,82237,Leslie H. Martinson,https://letterboxd.com/film/batman-1966/
tt0118688,1.96,361733,Joel Schumacher,https://letterboxd.com/film/batman-robin/
tt21110654,2.95,18212,Juan Meza-Leon,https://letterboxd.com/film/aztec-batman-clash-of-empires/
tt0372784,3.85,2385858,Christopher Nolan,https://letterboxd.com/film/batman-begins/
tt0112462,2.58,363665,Joel Schumacher,https://letterboxd.com/film/batman-forever/
tt0103776,3.6,540988,Tim Burton,https://letterboxd.com/film/batman-returns/
tt2975590,2.5,1025940,Zack Snyder,https://letterboxd.com/film/batman-v-superman-dawn-of-justice/
tt2313197,3.84,107633,Jay Oliva,https://letterboxd.com/film/batman-the-dark-knight-returns-part-1/
tt4853102,2.87,151622,Sam Liu,https://letterboxd.com/film/batman-the-killing-joke-2016/
tt14402926,3.58,64580,Chris Palmer,https://letterboxd.com/film/batman-the-long-halloween-part-two/
tt1569923,3.99,179653,Brandon Vietti,https://letterboxd.com/film/batman-under-the-red-hood/
tt2936390,2.72,530,Mitch Gould,https://letterboxd.com/film/battle-drone/
tt0069768,2.6,47025,J. Lee Thompson,https://letterboxd.com/film/battle-for-the-planet-of-the-apes/
tt2210463,2.44,1113,Christopher Hatton,https://letterboxd.com/film/battle-of-the-damned/
tt4622512,3.39,116021,"Jonathan Dayton, Valerie Faris",https://letterboxd.com/film/battle-of-the-sexes-2017/
tt13350858,2.37,1648,Ingvild Søderlind,https://letterboxd.com/film/battle-freestyle/
tt9409448,3.21,286,Gregory Kirchhoff,https://letterboxd.com/film/baumbacher-syndrome/
tt19755170,2.59,5965,Nitesh Tiwari,https://letterboxd.com/film/bawaal/
tt23129678,2.69,1847,Rako Prijanto,https://letterboxd.com/film/miracle-baby-2023/
tt6472116,3.1,1009,Kyzza Terrazas,https://letterboxd.com/film/bayonet-2018/
tt1469304,2.36,382823,Seth Gordon,https://letterboxd.com/film/baywatch/
tt6649234,3.03,833,Remo D'Souza,https://letterboxd.com/film/be-happy-2025/
tt11394168,3.55,5216,Bao Nguyen,https://letterboxd.com/film/be-water/
tt0094715,3.65,31515,Garry Marshall,https://letterboxd.com/film/beaches/
tt32151206,2.48,2297,Roxy Shih,https://letterboxd.com/film/beacon-2024/
tt11735544,3.62,5996,Tracey Deer,https://letterboxd.com/film/beans-2020/
tt2458776,3.6,5644,"Keith Scholey, Alastair Fothergill",https://letterboxd.com/film/bears-2014/
tt29468874,2.78,10793,Kiah Roache-Turner,https://letterboxd.com/film/beast-of-war/
tt1365050,3.99,106464,Cary Joji Fukunaga,https://letterboxd.com/film/beasts-of-no-nation/
tt2125435,3.77,75113,Benh Zeitlin,https://letterboxd.com/film/beasts-of-the-southern-wild/
tt33986138,3.72,18896,David Tedeschi,https://letterboxd.com/film/beatles-64/
tt5929750,3.08,11933,Miguel Arteta,https://letterboxd.com/film/beatriz-at-dinner/
tt8530978,2.93,11241,Chris Robinson,https://letterboxd.com/film/beats-2019-1/
tt13521006,3.43,552844,Ari Aster,https://letterboxd.com/film/beau-is-afraid/
tt1226837,4.09,1830909,Felix van Groeningen,https://letterboxd.com/film/beautiful-boy-2018/
tt2316548,1.9,93477,Roger Kumble,https://letterboxd.com/film/beautiful-disaster/
tt11364112,2.51,1755,Andrew Dosunmu,https://letterboxd.com/film/beauty-2022/
tt1410295,2.33,716,David Lister,https://letterboxd.com/film/beauty-and-the-beast-2010/
tt0101414,3.93,1032191,"Gary Trousdale, Kirk Wise",https://letterboxd.com/film/beauty-and-the-beast-1991/
tt0923612,2.68,464,Brian Brough,https://letterboxd.com/film/beauty-and-the-beast-a-latter-day-tale/
tt0118692,2.75,50437,Andy Knight,https://letterboxd.com/film/beauty-and-the-beast-the-enchanted-christmas/
tt16578886,2.44,824,Brian Brough,https://letterboxd.com/film/beauty-and-the-billionaire/
tt0388500,3.33,43094,Bille Woodruff,https://letterboxd.com/film/beauty-shop/
tt14145426,3.42,30908,"John Rice, Albert Calleros",https://letterboxd.com/film/beavis-and-butt-head-do-the-universe/
tt14965578,3.47,1272,Rebeca Huntt,https://letterboxd.com/film/beba/
tt0317132,3.31,25087,Wayne Wang,https://letterboxd.com/film/because-of-winn-dixie/
tt10230994,2.81,29279,Ferdinando Cito Filomarino,https://letterboxd.com/film/beckett/
tt10314450,2.99,53613,"Cary Murnion, Jonathan Milott",https://letterboxd.com/film/becky-2020/
tt29544878,3.3,9477,Jun Robles Lana,https://letterboxd.com/film/becky-and-badette/
tt12221748,3.67,12089,Nadia Hallgren,https://letterboxd.com/film/becoming-2020/
tt2573372,2.62,936,Omar Naim,https://letterboxd.com/film/becoming/
tt10334438,3.62,4060,Liz Garbus,https://letterboxd.com/film/becoming-cousteau/
tt10365912,3.58,38158,Bernard MacMahon,https://letterboxd.com/film/becoming-led-zeppelin/
tt5278964,3.49,1085,Douglas McGrath,https://letterboxd.com/film/becoming-mike-nichols/
tt6438096,3.48,3066,"Peter W. Kunhardt, Brian Oakes",https://letterboxd.com/film/becoming-warren-buffett/
tt4896168,2.41,17908,Lori Evans Taylor,https://letterboxd.com/film/bed-rest/
tt0066817,3.52,42293,Robert Stevenson,https://letterboxd.com/film/bedknobs-and-broomsticks/
tt0960731,2.94,216688,Adam Shankman,https://letterboxd.com/film/bedtime-stories/
tt0389790,3.01,910301,"Simon J. Smith, Steve Hickner",https://letterboxd.com/film/bee-movie/
tt1682886,2.71,2297,Tinge Krishnan,https://letterboxd.com/film/been-so-long/
tt0094721,3.73,1607156,Tim Burton,https://letterboxd.com/film/beetlejuice/
tt2049403,3.17,1144515,Tim Burton,https://letterboxd.com/film/beetlejuice-beetlejuice/
tt0115645,2.87,7353,Barbet Schroeder,https://letterboxd.com/film/before-and-after/
tt1726592,2.96,65477,Rowan Joffé,https://letterboxd.com/film/before-i-go-to-sleep/
tt5929776,3.71,19245,Fisher Stevens,https://letterboxd.com/film/before-the-flood-2016/
tt1980929,3.57,287755,John Carney,https://letterboxd.com/film/begin-again/
tt2314824,1.82,8295,Tim Garrick,https://letterboxd.com/film/behaving-badly/
tt1291580,3.55,34402,Steven Soderbergh,https://letterboxd.com/film/behind-the-candelabra/
tt36548443,3.7,6446,Jonathan Halperin,https://letterboxd.com/film/behind-the-curtain-stranger-things-the-first/
tt35627915,3.31,11578,Angus Wall,https://letterboxd.com/film/being-eddie/
tt26084136,3.65,2888,James Adolphus,https://letterboxd.com/film/being-mary-tyler-moore/
tt4995540,3,85745,Aaron Sorkin,https://letterboxd.com/film/being-the-ricardos/
tt4669264,3.12,15517,Brad Anderson,https://letterboxd.com/film/beirut/
tt6046314,2.8,2584,Paul Weitz,https://letterboxd.com/film/bel-canto/
tt11260832,2.68,4043,Ranjit Tiwari,https://letterboxd.com/film/bell-bottom-2021/
tt2188860,3.62,2268,Pietro Marcello,https://letterboxd.com/film/lost-and-beautiful/
tt16248144,2.98,1400,Pierre Coré,https://letterboxd.com/film/belle-and-sebastian-next-generation/
tt0167038,2.4,17866,"Dale Case, Cullen Blaine, Bob Kline",https://letterboxd.com/film/belles-magical-world/
tt8846072,3.34,827,Federico Veiroj,https://letterboxd.com/film/belmonte/
tt0120603,3.31,7304,Jonathan Demme,https://letterboxd.com/film/beloved/
tt3662308,2.89,14401,Emilio Portes,https://letterboxd.com/film/belzebuth/
tt37531036,3.82,25671,Dolores Fonzi,https://letterboxd.com/film/belen-2025/
tt38946507,3.22,232,Leopoldo Aguilar,https://letterboxd.com/film/bem-un-lemur-en-fuga/
tt13393058,3.12,1968,Angga Dwimas Sasongko,https://letterboxd.com/film/ben-jody/
tt13186528,2.62,1454,"John McIntyre, Henrique Jardim",https://letterboxd.com/film/ben-10-vs-the-universe-the-movie/
tt14317168,2.76,631,Henrique Jardim,https://letterboxd.com/film/ben-10010/
tt1327701,2.07,20004,Alex Winter,https://letterboxd.com/film/ben-10-alien-swarm/
tt2290147,2.82,7458,Victor Cook,https://letterboxd.com/film/ben-10-destroy-all-aliens/
tt1037011,1.95,23032,Alex Winter,https://letterboxd.com/film/ben-10-race-against-time/
tt1146431,3.61,14578,"Scooter Tidwell, Sebastian Montes",https://letterboxd.com/film/ben-10-secret-of-the-omnitrix/
tt21921074,3.67,680,"Luke Mellows, Chris Grubb",https://letterboxd.com/film/ben-stokes-phoenix-from-the-ashes/
tt34937388,2.68,667,Miguel Ángel Pérez,https://letterboxd.com/film/blessed-heart/
tt0467167,2.4,2865,Dagen Merrill,https://letterboxd.com/film/beneath/
tt0065462,2.78,74016,Ted Post,https://letterboxd.com/film/beneath-the-planet-of-the-apes/
tt13161356,3.24,2364,Mehmet Ada Öztekin,https://letterboxd.com/film/love-me-instead/
tt0342097,3.13,414,Monique Gardenberg,https://letterboxd.com/film/benjamim/
tt1799516,2.99,12836,Brandon Camp,https://letterboxd.com/film/benji-2018/
tt0092638,3.08,3986,Joe Camp,https://letterboxd.com/film/benji-the-hunted/
tt0106387,3.49,43200,Jeremiah S. Chechik,https://letterboxd.com/film/benny-joon/
tt2237324,2.33,1904,Bobby Moresco,https://letterboxd.com/film/bent-2018/
tt21364552,3.33,17825,Lee Sang-yong,https://letterboxd.com/film/the-roundup-no-way-out/
tt6910282,3.6,54128,Mia Hansen-Løve,https://letterboxd.com/film/bergman-island-2021/
tt6470924,3.61,7502,Burhan Qurbani,https://letterboxd.com/film/berlin-alexanderplatz-2020/
tt16491560,2.19,22093,Jordan Scott,https://letterboxd.com/film/a-sacrifice-2024/
tt10556130,2.47,808,Franziska Meyer Price,https://letterboxd.com/film/berlin-berlin/
tt2275743,2.24,3845,"Dani Levy, Justin Franklin, Daniel Lwowski, Fernando Eimbcke, Dianna Agron, Dennis Gansel, Til Schweiger, Peter Chelsom, Massy Tadjedin, Claus Clausen, Josef Rusnak, Stephanie Martin",https://letterboxd.com/film/berlin-i-love-you/
tt0470732,3.16,2408,Bob Balaban,https://letterboxd.com/film/bernard-and-doris/
tt11810424,3.48,3978,Jeff Tomsic,https://letterboxd.com/film/bert-kreischer-hey-big-boy/
tt35924806,3.26,1680,Jeff Tomsic,https://letterboxd.com/film/bert-kreischer-lucky/
tt26752731,3.51,3457,Jeff Tomsic,https://letterboxd.com/film/bert-kreischer-razzle-dazzle/
tt8786466,3.55,3606,Todd Biermann,https://letterboxd.com/film/bert-kreischer-secret-time/
tt6545220,3.63,3710,Ryan Polito,https://letterboxd.com/film/bert-kreischer-the-machine/
tt3704352,3.45,4460,Dee Rees,https://letterboxd.com/film/bessie/
tt13649688,2.95,723,,https://letterboxd.com/film/best-of-stand-up-2020/
tt25396646,3.04,418,,https://letterboxd.com/film/best-of-stand-up-2022/
tt0096913,3.16,8109,Robert Radler,https://letterboxd.com/film/best-of-the-best/
tt0112483,2.87,1201,Phillip Rhee,https://letterboxd.com/film/best-of-the-best-3-no-turning-back/
tt1535615,2.53,6763,Damon Santostefano,https://letterboxd.com/film/best-player/
tt7038762,1.72,24139,Mary Lambert,https://letterboxd.com/film/best-christmas-ever-2023/
tt9806336,2.79,4632,Cüneyt Kaya,https://letterboxd.com/film/rising-high/
tt27722375,3.47,24340,Nathan Silver,https://letterboxd.com/film/between-the-temples/
tt12890926,3.84,955,Kamilah Forbes,https://letterboxd.com/film/between-the-world-and-me/
tt9398640,2.93,96464,Scott Aukerman,https://letterboxd.com/film/between-two-ferns-the-movie/
tt1014775,2.72,115473,Raja Gosnell,https://letterboxd.com/film/beverly-hills-chihuahua/
tt1482393,2.59,39921,Alex Zamm,https://letterboxd.com/film/beverly-hills-chihuahua-2/
tt2224075,2.64,26428,Lev L. Spiro,https://letterboxd.com/film/beverly-hills-chihuahua-3-viva-la-fiesta/
tt3083016,2.93,103873,Mark Molloy,https://letterboxd.com/film/beverly-hills-cop-axel-f/
tt5329376,2.86,16902,Irene Taylor,https://letterboxd.com/film/beware-the-slenderman/
tt1183251,2.7,4115,Peter Hyams,https://letterboxd.com/film/beyond-a-reasonable-doubt-2009/
tt11161374,1.98,1303,James Cullen Bressack,https://letterboxd.com/film/beyond-the-law-2019/
tt3125324,3.38,15302,Gina Prince-Bythewood,https://letterboxd.com/film/beyond-the-lights/
tt0363473,3.1,5388,Kevin Spacey,https://letterboxd.com/film/beyond-the-sea/
tt0053651,2.69,1731,Edgar G. Ulmer,https://letterboxd.com/film/beyond-the-time-barrier/
tt32118013,3.02,1638,Prashanth Reddy,https://letterboxd.com/film/bhaje-vaayu-vegam/
tt37541677,3.75,18181,Krishnadas Murali,https://letterboxd.com/film/bharathanatyam-2-mohiniyattam/
tt26932223,2.09,13754,Anees Bazmee,https://letterboxd.com/film/bhool-bhulaiyaa-3/
tt10463030,2.62,2729,Bhanu Pratap Singh,https://letterboxd.com/film/bhoot-part-one-the-haunted-ship/
tt13597388,3.12,505,Jorge Bechara,https://letterboxd.com/film/bia-an-upside-down-world/
tt0182789,3.29,121117,Chris Columbus,https://letterboxd.com/film/bicentennial-man/
tt0263124,4.02,61985,Laís Bodanzky,https://letterboxd.com/film/brainstorm-2000/
tt24486184,3.4,6306,Corey Sherman,https://letterboxd.com/film/big-boys-2023/
tt9797932,3.28,4948,Steve Crowhurst,https://letterboxd.com/film/big-boys-dont-cry/
tt0094739,3.24,17862,Jim Abrahams,https://letterboxd.com/film/big-business-1988/
tt43657327,2.85,2408,Liana Stewart,https://letterboxd.com/film/big-chicken-a-fast-food-conspiracy/
tt22752312,3.22,2312,Anna O'Brian,https://letterboxd.com/film/big-city-greens-the-movie-spacecation/
tt0142342,3.3,346980,Dennis Dugan,https://letterboxd.com/film/big-daddy/
tt1126590,3.42,174429,Tim Burton,https://letterboxd.com/film/big-eyes/
tt0265298,2.94,92520,Shawn Levy,https://letterboxd.com/film/big-fat-liar/
tt0319061,3.95,611063,Tim Burton,https://letterboxd.com/film/big-fish/
tt12226632,3.13,21168,George Tillman Jr.,https://letterboxd.com/film/big-george-foreman/
tt2245084,3.86,1852226,"Don Hall, Chris Williams",https://letterboxd.com/film/big-hero-6/
tt7730102,3.03,359,Scott Martin,https://letterboxd.com/film/big-kill/
tt0208003,2.7,119435,Raja Gosnell,https://letterboxd.com/film/big-mommas-house/
tt26450458,3.28,522,"Fabienne Hurst, Andreas Spinrath, Facundo Scalerandi",https://letterboxd.com/film/big-mack-gangsters-and-gold/
tt24062912,3.12,204,Andy Kasrils,https://letterboxd.com/film/big-nunus-little-heist/
tt3824648,3.45,86169,Jason Orley,https://letterboxd.com/film/big-time-adolescence/
tt2163203,3.27,13228,Savage Steve Holland,https://letterboxd.com/film/big-time-movie/
tt0246464,3.03,9083,Barry Sonnenfeld,https://letterboxd.com/film/big-trouble/
tt0090728,3.71,250464,John Carpenter,https://letterboxd.com/film/big-trouble-in-little-china/
tt11541872,2.5,17304,Jean-Pierre Jeunet,https://letterboxd.com/film/bigbug/
tt1294144,2.85,208,Kevin Tenney,https://letterboxd.com/film/bigfoot/
tt18224682,2.81,3196,Chris Smith,https://letterboxd.com/film/biggest-heist-ever/
tt14058484,3.41,10515,Emmett Malloy,https://letterboxd.com/film/biggie-i-got-a-story-to-tell/
tt26258488,2.01,12255,"Mehmet Binay, Caner Alper",https://letterboxd.com/film/bihter-a-forbidden-passion/
tt31593809,3.01,6133,Abhilash Reddy,https://letterboxd.com/film/biker-2026/
tt10883004,3.22,12608,Eva Orner,https://letterboxd.com/film/bikram-yogi-guru-predator/
tt20723672,2.52,2496,Ryan Polito,https://letterboxd.com/film/bill-burr-presents-friends-who-kill/
tt34686029,3.58,7778,Ben Tishler,https://letterboxd.com/film/bill-burr-drop-dead-years/
tt3823690,3.89,8855,Jaime Eliezer Karas,https://letterboxd.com/film/bill-burr-im-sorry-you-feel-that-way/
tt21106500,3.61,9418,Mike Binder,https://letterboxd.com/film/bill-burr-live-at-red-rocks/
tt10847306,3.75,13833,Mike Binder,https://letterboxd.com/film/bill-burr-paper-tiger/
tt6184894,3.61,7778,Jaime Eliezer Karas,https://letterboxd.com/film/bill-burr-walk-your-way-out/
tt1600656,3.28,342,John Moffitt,https://letterboxd.com/film/bill-maher-but-im-not-wrong/
tt34491055,2.94,819,Marcus Raboy,https://letterboxd.com/film/bill-maher-is-anyone-else-seeing-this/
tt1039915,3.38,231,John Moffitt,https://letterboxd.com/film/bill-maher-the-decider/
tt0377515,3.31,221,John Moffitt,https://letterboxd.com/film/bill-maher-victory-begins-at-home/
tt1000070,3.67,6216,"Robert Alvarez, Russell Calabrese, Gordon Kent, Christine Kolosov, Michel Lyman, Matt Engstrom, Phil Cummings, Sue Perrotto, Kris Sherwood, Shaun Cashman, Eddy Houchins, Juli Murphy",https://letterboxd.com/film/billy-mandys-big-boogey-adventure/
tt31189897,3.93,6450,Charlie Hamilton James,https://letterboxd.com/film/billy-molly-an-otter-love-story/
tt3383040,3.78,744,Des McAnuff,https://letterboxd.com/film/billy-crystal-700-sundays/
tt2513074,3.03,17624,Ang Lee,https://letterboxd.com/film/billy-lynns-long-halftime-walk/
tt13372992,2.25,7380,Gigi Saul Guerrero,https://letterboxd.com/film/bingo-hell/
tt6293516,3.9,80469,Daniel Rezende,https://letterboxd.com/film/bingo-the-king-of-the-mornings/
tt28277817,3.74,118668,Andrea Arnold,https://letterboxd.com/film/bird-2024/
tt2737304,2.97,1340333,Susanne Bier,https://letterboxd.com/film/bird-box/
tt14400246,2.31,79869,"Àlex Pastor, David Pastor",https://letterboxd.com/film/bird-box-barcelona/
tt2562232,4,1262935,Alejandro G. Iñárritu,https://letterboxd.com/film/birdman-or-the-unexpected-virtue-of-ignorance/
tt11771006,3,32693,Sarah Adina Smith,https://letterboxd.com/film/birds-of-paradise-2021/
tt7713068,3.01,995975,Cathy Yan,https://letterboxd.com/film/birds-of-prey-and-the-fantabulous-emancipation-of-one-harley-quinn/
tt28235110,2.14,1750,Ross Partridge,https://letterboxd.com/film/birthrite-2025/
tt28080273,3.06,6400,Émilie Noblet,https://letterboxd.com/film/latin-for-all/
tt10757606,3.41,375,Siddharth Vasani,https://letterboxd.com/film/biswa-kalyan-rath-sushi/
tt30317302,3.02,4701,Bryan Storkel,https://letterboxd.com/film/bitconned/
tt7201818,2.9,405,Meredith Edwards,https://letterboxd.com/film/bite-me-2019/
tt15292074,2.66,791,"Jan Verheyen, Anna Verheyen, Lien Willaert",https://letterboxd.com/film/bittersweet-sixteen/
tt16427902,2.25,2808,Afonso Poyart,https://letterboxd.com/film/bionic-2024/
tt0375611,3.71,10263,Sanjay Leela Bhansali,https://letterboxd.com/film/black/
tt6443346,2.22,583838,Jaume Collet-Serra,https://letterboxd.com/film/black-adam/
tt13937354,3.81,1249,Sam Pollard,https://letterboxd.com/film/black-art-in-the-absence-of-light/
tt13372884,2.4,3668,Maritte Lee Go,https://letterboxd.com/film/black-as-night/
tt30988739,3.41,402364,Steven Soderbergh,https://letterboxd.com/film/black-bag-2025/
tt26593387,3.58,2697,Lagueria Davis,https://letterboxd.com/film/black-barbie-2023/
tt9660688,2.87,851,Esteban Crespo,https://letterboxd.com/film/black-beach/
tt12298506,2.95,24875,"Emmanuel Osei-Kuffour, Jr.",https://letterboxd.com/film/black-box-2020/
tt39210294,3.66,1143,Sandulela Asanda,https://letterboxd.com/film/black-burns-fast/
tt0138326,3.2,348,D.J. Caruso,https://letterboxd.com/film/black-cat-run/
tt0265086,3.71,299942,Ridley Scott,https://letterboxd.com/film/black-hawk-down/
tt8512986,3.23,951,Fermin Muguruza,https://letterboxd.com/film/black-is-beltza/
tt12607910,4.06,25714,"Beyoncé, Blitz Bazawule, Emmanuel Adjei, Pierre Debusschere, Ibra Ake, Jake Nava, Dikayl Rimmasch, Jenn Nkiru",https://letterboxd.com/film/black-is-king/
tt15895490,2.21,1977,Todor Chapkanov,https://letterboxd.com/film/black-lotus/
tt1355683,3.16,131110,Scott Cooper,https://letterboxd.com/film/black-mass-2015/
tt1825683,3.72,3099418,Ryan Coogler,https://letterboxd.com/film/black-panther/
tt9114286,3.27,1410422,Ryan Coogler,https://letterboxd.com/film/black-panther-wakanda-forever/
tt29644189,3.06,648602,Scott Derrickson,https://letterboxd.com/film/black-phone-2/
tt13918550,2.18,2873,Sophia Banks,https://letterboxd.com/film/black-site-2022/
tt0462200,3.27,30892,Craig Brewer,https://letterboxd.com/film/black-snake-moan/
tt0947798,4.17,3389373,Darren Aronofsky,https://letterboxd.com/film/black-swan/
tt0816436,2.73,10523,"David Nerlich, Andrew Traucki",https://letterboxd.com/film/black-water/
tt5622412,2.3,2580,Pasha Patriki,https://letterboxd.com/film/black-water-2018/
tt7978672,2.14,9307,Andrew Traucki,https://letterboxd.com/film/black-water-abyss/
tt3480822,2.97,1768589,Cate Shortland,https://letterboxd.com/film/black-widow-2021/
tt0062737,3.33,4958,Robert Stevenson,https://letterboxd.com/film/blackbeards-ghost/
tt14060094,1.97,21911,Mark Williams,https://letterboxd.com/film/blacklight/
tt22767628,2.14,4216,Jeff Celentano,https://letterboxd.com/film/blackwater-lane/
tt0120611,3.51,464651,Stephen Norrington,https://letterboxd.com/film/blade/
tt0187738,3.31,236172,Guillermo del Toro,https://letterboxd.com/film/blade-ii/
tt0083658,4.09,1542364,Ridley Scott,https://letterboxd.com/film/blade-runner/
tt1856101,4.1,2346203,Denis Villeneuve,https://letterboxd.com/film/blade-runner-2049/
tt0359013,2.33,149544,David S. Goyer,https://letterboxd.com/film/blade-trinity/
tt0086973,2.57,6384,Stanley Donen,https://letterboxd.com/film/blame-it-on-rio/
tt0109287,2.44,28598,Rupert Wainwright,https://letterboxd.com/film/blank-check/
tt21376206,3.28,1351,Fernando Guzzoni,https://letterboxd.com/film/blanquita/
tt37971394,3.11,25449,Subash K Raj,https://letterboxd.com/film/blast-2026/
tt14866710,2.41,1950,Martin Sofiedal,https://letterboxd.com/film/blasted-2022/
tt6443294,3.54,7687,Ethan Hawke,https://letterboxd.com/film/blaze-2018/
tt1620935,3.46,42889,Ben Younger,https://letterboxd.com/film/bleed-for-this/
tt1086772,3.23,335758,Frank Coraci,https://letterboxd.com/film/blended/
tt0109294,3.14,570,Richard Spence,https://letterboxd.com/film/blind-justice/
tt4568370,3.04,659,Joyce A. Nashawati,https://letterboxd.com/film/blind-sun/
tt29259074,3.66,3141,"Edmund Stenson, Daniel Roher",https://letterboxd.com/film/blink-2024-3/
tt9026524,3.25,21679,Joe Begos,https://letterboxd.com/film/bliss-2019/
tt10333426,2.34,15503,Mike Cahill,https://letterboxd.com/film/bliss-2021/
tt1655389,2.14,286833,Andrew Dominik,https://letterboxd.com/film/blonde-2022/
tt27458968,3.52,15068,Dolores Fonzi,https://letterboxd.com/film/blondi/
tt18073328,3.1,19985,Peter Thorwarth,https://letterboxd.com/film/blood-gold/
tt15095938,3.5,1743,Marcus A. Clarke,https://letterboxd.com/film/blood-brothers-malcolm-x-muhammad-ali/
tt0450336,2.55,6603,Joel Schumacher,https://letterboxd.com/film/blood-creek-2009/
tt0450259,3.75,407681,Edward Zwick,https://letterboxd.com/film/blood-diamond/
tt6197070,3.08,7018,"Raphaël Hernandez, Savitri Joly-Gonfard",https://letterboxd.com/film/blood-machines/
tt3758852,2.5,1070,Lucky McKee,https://letterboxd.com/film/blood-money-2017-1/
tt6402468,2.61,77440,Peter Thorwarth,https://letterboxd.com/film/blood-red-sky/
tt8009938,2.67,6218,Justin Dix,https://letterboxd.com/film/blood-vessel/
tt9772374,3.29,14257,Alister Grierson,https://letterboxd.com/film/bloody-hell-2020/
tt0082085,4.1,317382,Brian De Palma,https://letterboxd.com/film/blow-out/
tt8299768,3.41,33615,"Danielle Krudy, Bridget Savage Cole",https://letterboxd.com/film/blow-the-man-down/
tt9362930,2.86,398988,Ángel Manuel Soto,https://letterboxd.com/film/blue-beetle/
tt7084386,3,6813,Julio Quintana,https://letterboxd.com/film/blue-miracle/
tt32536315,3.57,189514,Richard Linklater,https://letterboxd.com/film/blue-moon-2025/
tt0181316,3.13,55192,Les Mayfield,https://letterboxd.com/film/blue-streak/
tt15038118,3.32,2982,Matt Stawski,https://letterboxd.com/film/blues-big-city-adventure/
tt14201576,2.93,2178,Robert Connolly,https://letterboxd.com/film/blueback/
tt6948600,2.41,5016,Michelle Johnston,https://letterboxd.com/film/blurt/
tt11261296,3.31,4677,Julian Radlmaier,https://letterboxd.com/film/bloodsuckers-2021/
tt14544192,4.24,499063,Bo Burnham,https://letterboxd.com/film/bo-burnham-inside/
tt5192124,4.21,75417,"Christopher Storer, Bo Burnham",https://letterboxd.com/film/bo-burnham-make-happy/
tt20770080,4.19,37934,Bo Burnham,https://letterboxd.com/film/bo-burnham-the-inside-outtakes/
tt11412892,3.2,1485,Katarzyna Klimkiewicz,https://letterboxd.com/film/autumn-girl/
tt0493402,3.26,5928,Olivier Assayas,https://letterboxd.com/film/boarding-gate/
tt14539744,3.36,14067,Joshua Rofé,https://letterboxd.com/film/bob-ross-happy-accidents-betrayal-greed/
tt1091744,3.22,458,Beth McCarthy-Miller,https://letterboxd.com/film/bob-saget-that-aint-right/
tt28613536,3.75,37605,Tracie Laymon,https://letterboxd.com/film/bob-trevino-likes-it/
tt21376900,3.55,8991,"Moses Bwayo, Christopher Sharp",https://letterboxd.com/film/bobi-wine-the-peoples-president/
tt1827372,2.99,505,Flávio Frederico,https://letterboxd.com/film/boca/
tt3732950,2.54,4519,"Robert Olsen, Dan Berk",https://letterboxd.com/film/body-2015/
tt9585676,3.06,2270,John Swab,https://letterboxd.com/film/body-brokers/
tt8179024,2.38,8610,Malik Vitthal,https://letterboxd.com/film/body-cam/
tt0758774,3.14,96279,Ridley Scott,https://letterboxd.com/film/body-of-lies/
tt0092684,2.71,1235,Hal Needham,https://letterboxd.com/film/body-slam/
tt32244931,3.15,3384,Mitja Okorn,https://letterboxd.com/film/boxer-2024/
tt32176689,3.42,34743,Tensai Okamura,https://letterboxd.com/film/my-hero-academia-youre-next/
tt0397892,3.24,742570,"Chris Williams, Byron Howard",https://letterboxd.com/film/bolt/
tt8435324,3.38,2454,Gitanjali Rao,https://letterboxd.com/film/bombay-rose/
tt10168670,3.77,1348175,Luca Guadagnino,https://letterboxd.com/film/bones-and-all/
tt0061418,3.9,173223,Arthur Penn,https://letterboxd.com/film/bonnie-and-clyde/
tt26229554,3.72,1874,Morgan Neville,https://letterboxd.com/film/bono-the-edge-a-sort-of-homecoming-with-dave-letterman/
tt21819258,3.18,7078,Julia Jackman,https://letterboxd.com/film/bonus-track/
tt0385560,1.92,2508,Anthony C. Ferrante,https://letterboxd.com/film/boo/
tt0118749,4.21,729235,Paul Thomas Anderson,https://letterboxd.com/film/boogie-nights/
tt1134664,2.44,1769,Duncan Ward,https://letterboxd.com/film/boogie-woogie/
tt14014068,2.39,9012,Analeine Cal y Mayor,https://letterboxd.com/film/book-of-love-2022/
tt11033942,2.67,288,Brandon Ho,https://letterboxd.com/film/bookworm-and-the-beast/
tt13026738,2.68,681,Derek Presley,https://letterboxd.com/film/boon-2022/
tt3564806,3.23,306,"Fuyuan Liu, Ding Liang",https://letterboxd.com/film/boonie-bears-to-the-rescue/
tt13143964,3.28,481093,Jason Woliner,https://letterboxd.com/film/borat-subsequent-moviefilm-delivery-of-prodigious/
tt0443453,3.72,921295,Larry Charles,https://letterboxd.com/film/borat-cultural-learnings-of-america-for-make-benefit-glorious-nation-of-kazakhstan/
tt30387012,2.66,4330,Anurag Singh,https://letterboxd.com/film/border-2-2026/
tt32565484,2.39,645,Ruben Islas,https://letterboxd.com/film/border-hunters/
tt2069955,2.87,218,Gabriela Tagliavini,https://letterboxd.com/film/border-run/
tt13650814,2.75,58268,Jimmy Warden,https://letterboxd.com/film/borderline-2025/
tt4629266,3.46,3992,Lu Chuan,https://letterboxd.com/film/born-in-china/
tt1999845,3.87,4180,Bertrand Mandico,https://letterboxd.com/film/boro-in-the-box/
tt12676006,2.45,1771,Jesse Harris,https://letterboxd.com/film/borrego/
tt0180837,3.18,694,Bruno Barreto,https://letterboxd.com/film/bossa-nova/
tt2560078,3.13,74280,Matt Ruskin,https://letterboxd.com/film/boston-strangler/
tt0914797,3.07,10474,Randall Miller,https://letterboxd.com/film/bottle-shock/
tt36543744,3.82,7299,"Orian Barki, Meriem Bennani",https://letterboxd.com/film/bouchra/
tt38235625,1.8,38979,Sonia Méndez,https://letterboxd.com/film/boulevard-2026/
tt2369396,2.85,1793,Henry Saine,https://letterboxd.com/film/bounty-killer/
tt0255851,3.3,500,Clark Johnson,https://letterboxd.com/film/boycott/
tt3344680,3.19,22019,Todor Chapkanov,https://letterboxd.com/film/boyka-undisputed-iv/
tt0171804,3.69,91978,Kimberly Peirce,https://letterboxd.com/film/boys-dont-cry/
tt3445580,3.3,5708,Nicholas Verso,https://letterboxd.com/film/boys-in-the-trees/
tt18353064,2.73,5009,Onur Saylak,https://letterboxd.com/film/chokehold-2023/
tt0094792,2.64,4075,Aaron Norris,https://letterboxd.com/film/braddock-missing-in-action-iii/
tt0103874,3.74,585183,Francis Ford Coppola,https://letterboxd.com/film/bram-stokers-dracula/
tt6185692,2.76,364,Michael Doneger,https://letterboxd.com/film/bramptons-own/
tt31189910,2.65,11869,Eva Orner,https://letterboxd.com/film/brandy-hellville-the-cult-of-fast-fashion/
tt1217209,3.51,1393386,"Mark Andrews, Brenda Chapman",https://letterboxd.com/film/brave-2012/
tt6403382,2.99,278,Junya Okabe,https://letterboxd.com/film/bravestorm/
tt0112573,3.93,556040,Mel Gibson,https://letterboxd.com/film/braveheart/
tt2950052,2.43,2524,Daniel Duran,https://letterboxd.com/film/bravetown/
tt0088846,4.1,296794,Terry Gilliam,https://letterboxd.com/film/brazil/
tt0401997,3.38,13386,Billy Ray,https://letterboxd.com/film/breach/
tt9820556,1.59,4879,John Suits,https://letterboxd.com/film/breach-2020/
tt0118770,2.93,310,David Greene,https://letterboxd.com/film/breach-of-faith-a-family-of-cops-ii/
tt38985973,3.37,8670,Morgan Neville,https://letterboxd.com/film/breakdown-1975/
tt14539726,3.48,2664,Jonathan Clay,https://letterboxd.com/film/breaking-boundaries-the-science-of-our-planet/
tt40930268,3.67,231,Dawn Porter,https://letterboxd.com/film/breaking-glass-the-pat-summitt-story/
tt7137846,2.45,17802,James McTeigue,https://letterboxd.com/film/breaking-in-2018/
tt12053110,2.86,208,"Dania Pasquini, Max Giwa",https://letterboxd.com/film/breaking-point-2023/
tt1510686,2.57,1986,Jamie Babbit,https://letterboxd.com/film/breaking-the-girls/
tt0115751,4.13,90073,Lars von Trier,https://letterboxd.com/film/breaking-the-waves/
tt7083526,2.77,14981,Roxann Dawson,https://letterboxd.com/film/breakthrough-2019/
tt21094306,3.42,399,Bodunrin Sasore,https://letterboxd.com/film/breath-of-life-2023/
tt2005164,3.07,609,Jesse Baget,https://letterboxd.com/film/breathless-2012/
tt10050766,3.87,2709,Sandra Restrepo,https://letterboxd.com/film/brene-brown-the-call-to-courage/
tt9275202,3.63,664,"Stephen McCarthy, Jonathan Alter, John Block",https://letterboxd.com/film/breslin-and-hamill-deadline-artists/
tt36242994,3.3,3958,Jeff Tomsic,https://letterboxd.com/film/brett-goldstein-the-second-best-night-of/
tt7679532,3.29,895,Troy Miller,https://letterboxd.com/film/brian-regan-nunchucks-and-flamethrowers/
tt13926994,3.38,970,Troy Miller,https://letterboxd.com/film/brian-regan-on-the-rocks/
tt31806049,2.14,98120,Philip Koch,https://letterboxd.com/film/brick-2025/
tt0901476,3.08,428622,Gary Winick,https://letterboxd.com/film/bride-wars/
tt0412536,3.22,8554,Julian Jarrold,https://letterboxd.com/film/brideshead-revisited/
tt1478338,3.43,737855,Paul Feig,https://letterboxd.com/film/bridesmaids/
tt0243155,3.48,873751,Sharon Maguire,https://letterboxd.com/film/bridget-joness-diary/
tt32063050,3.27,249675,Michael Morris,https://letterboxd.com/film/bridget-jones-mad-about-the-boy/
tt5519340,2.35,193212,David Ayer,https://letterboxd.com/film/bright/
tt5651050,3.88,5089,"Fisher Stevens, Alexis Bloom",https://letterboxd.com/film/bright-lights-starring-carrie-fisher-and-debbie-reynolds/
tt5113136,3.39,655,Lisanne Skyler,https://letterboxd.com/film/brillo-box-3-off/
tt1895315,3.37,27079,Martin Koolhoven,https://letterboxd.com/film/brimstone-2016/
tt32246771,3.68,1107607,"Michael Philippou, Danny Philippou",https://letterboxd.com/film/bring-her-back/
tt0204946,3.38,341466,Peyton Reed,https://letterboxd.com/film/bring-it-on/
tt14186876,3.4,39206,Christopher Andrews,https://letterboxd.com/film/bring-them-down/
tt29484424,2.34,1695,Mike Rohl,https://letterboxd.com/film/bringing-christmas-home/
tt0305669,2.65,29072,Adam Shankman,https://letterboxd.com/film/bringing-down-the-house/
tt0163988,3.73,116013,Martin Scorsese,https://letterboxd.com/film/bringing-out-the-dead/
tt0029947,4.01,120947,Howard Hawks,https://letterboxd.com/film/bringing-up-baby/
tt36462227,3.1,1928,Ella Wright,https://letterboxd.com/film/britain-and-the-blitz/
tt15469820,3.22,19841,Erin Lee Carr,https://letterboxd.com/film/britney-vs-spears/
tt26675491,2.3,5110,Samuthirakani,https://letterboxd.com/film/bro-2023/
tt8983230,2.93,2282,Leszek Dawid,https://letterboxd.com/film/broad-peak/
tt0087003,3.79,25178,Woody Allen,https://letterboxd.com/film/broadway-danny-rose/
tt9742334,3.83,6569,Vivek Athreya,https://letterboxd.com/film/brochevarevarura/
tt35048826,3.4,3021,Carlyle Eubank,https://letterboxd.com/film/broke-2025/
tt2181824,3.21,2030,Billy Corben,https://letterboxd.com/film/broke/
tt0120620,3.09,9729,Jonathan Kaplan,https://letterboxd.com/film/brokedown-palace/
tt0115759,2.95,45663,John Woo,https://letterboxd.com/film/broken-arrow-1996/
tt0354436,3.46,350,Michael Mierendorf,https://letterboxd.com/film/broken-child/
tt1235522,2.71,18922,Allen Hughes,https://letterboxd.com/film/broken-city/
tt33029866,3.42,12946,Takeshi Kitano,https://letterboxd.com/film/broken-rage/
tt10127684,2.74,6415,Olivier Marchal,https://letterboxd.com/film/rogue-city/
tt2381111,3.78,246309,John Crowley,https://letterboxd.com/film/brooklyn/
tt0328880,3.84,549785,"Aaron Blaise, Robert Walker",https://letterboxd.com/film/brother-bear/
tt0465925,2.91,77628,Ben Gluck,https://letterboxd.com/film/brother-bear-2/
tt9135800,2.58,1394,Kalabhavan Shajon,https://letterboxd.com/film/brothers-day/
tt9860566,2.36,27556,Max Barbakow,https://letterboxd.com/film/brothers-2024/
tt0315327,3.29,585242,Tom Shadyac,https://letterboxd.com/film/bruce-almighty/
tt42192201,2.69,1026,Joshua Rous,https://letterboxd.com/film/bride-of-the-year/
tt8310474,2.93,12489,Halle Berry,https://letterboxd.com/film/bruised-2020/
tt21833464,3.56,3457,Miles Warren,https://letterboxd.com/film/bruiser-2022/
tt20395798,3.16,3168,Christopher Murray,https://letterboxd.com/film/sorcery-2023/
tt20597270,3.12,302,Fabio Ock,https://letterboxd.com/film/bruna-louise-demolition/
tt1587828,3.15,25362,Marcus Baldini,https://letterboxd.com/film/confessions-of-a-brazilian-call-girl-2011/
tt10557524,2.09,3708,Kheiron,https://letterboxd.com/film/brutus-vs-cesar/
tt14909314,3.28,2296,Björn Runge,https://letterboxd.com/film/burn-all-my-letters/
tt21929748,3.62,7068,"Travon Free, Martin Desmond Roe",https://letterboxd.com/film/bs-high/
tt39578533,4.4,23304,"Hamish Hamilton, Cameron Whitelaw",https://letterboxd.com/film/bts-the-comeback-live-arirang/
tt22010428,4.41,12815,"Park Jun-soo, Sam Wrench",https://letterboxd.com/film/bts-permission-to-dance-on-stage-la/
tt39578551,4.28,20429,Bao Nguyen,https://letterboxd.com/film/bts-the-return-2026/
tt21195548,2.81,5171,Arne Feldhusen,https://letterboxd.com/film/buba-2022/
tt11754464,2.69,1801,Chandra Liow,https://letterboxd.com/film/whipped-2020/
tt22530172,3.7,17550,Wregas Bhanuteja,https://letterboxd.com/film/andragogy/
tt38350059,2.77,49172,Gennaro Nunziante,https://letterboxd.com/film/buen-camino-2025/
tt8647310,3.15,35178,Tanya Wexler,https://letterboxd.com/film/buffaloed/
tt0103893,2.79,84719,Fran Rubel Kuzui,https://letterboxd.com/film/buffy-the-vampire-slayer/
tt0264446,3.23,352,Flávio R. Tambellini,https://letterboxd.com/film/bufo-spallanzani/
tt12300742,3.84,2102529,Yorgos Lanthimos,https://letterboxd.com/film/bugonia/
tt0101516,3.34,19541,Barry Levinson,https://letterboxd.com/film/bugsy/
tt13266998,3.17,16180,Paul Andrew Williams,https://letterboxd.com/film/bull-2021/
tt10198564,2.64,584,James Clayton,https://letterboxd.com/film/bullet-proof-2022/
tt1308729,2.52,18489,Walter Hill,https://letterboxd.com/film/bullet-to-the-head/
tt0245803,2.49,20005,Paul Hunter,https://letterboxd.com/film/bulletproof-monk/
tt0062765,3.74,86076,Peter Yates,https://letterboxd.com/film/bullitt/
tt9308256,3.34,2082,Ivy Meeropol,https://letterboxd.com/film/bully-coward-victim-the-story-of-roy-cohn/
tt4701182,3.21,418696,Travis Knight,https://letterboxd.com/film/bumblebee/
tt0058997,3.93,21844,Otto Preminger,https://letterboxd.com/film/bunny-lake-is-missing/
tt12794742,3.09,459,Bengt Anderson,https://letterboxd.com/film/buried-truth-of-the-maya/
tt1320239,2.9,9681,John Landis,https://letterboxd.com/film/burke-hare-2010/
tt1126591,3.52,270179,Steve Antin,https://letterboxd.com/film/burlesque/
tt14671620,3.52,785,Eva Orner,https://letterboxd.com/film/film:772263/
